Workbook

Sheet PAINEL_PESOS
A1: DINÂMICA DE PONDERAÇÃO POR ESPECIALISTAS — ISH 2025
A3: Edite somente as células amarelas. Os pesos internos de cada dimensão e os pesos das dimensões devem somar 100%.
A5: NÍVEL 2 — PESOS DAS DIMENSÕES
A6: Dimensão | B6: Peso escolhido | C6: Peso Beta | D6: Diferença | E6: Regra | F6: Status
A7: Humana | B7: 0.25 | C7: 0.25 | D7: =B7-C7 | E7: 0% a 100%
A8: Econômica | B8: 0.25 | C8: 0.25 | D8: =B8-C8 | E8: 0% a 100%
A9: Ecossistêmica | B9: 0.25 | C9: 0.25 | D9: =B9-C9 | E9: 0% a 100%
A10: Resiliência | B10: 0.25 | C10: 0.25 | D10: =B10-C10 | E10: 0% a 100%
A12: Soma dos pesos | B12: =SUM(B7:B10) | C12: Validação | D12: =IF(ABS(B12-1)<0.000001,"OK - 100%","AJUSTAR - deve somar 100%")
A14: NÍVEL 1 — PESOS DAS VARIÁVEIS DENTRO DE CADA DIMENSÃO
A15: Dimensão | B15: Variável | C15: Peso escolhido | D15: Peso padrão | E15: Diferença | F15: Status da dimensão
A16: Humana | B16: Abastecimento | C16: 0.25 | D16: 0.25 | E16: =C16-D16
A17: Humana | B17: Potabilidade | C17: 0.25 | D17: 0.25 | E17: =C17-D17
A18: Humana | B18: Perdas (invertida) | C18: 0.25 | D18: 0.25 | E18: =C18-D18
A19: Humana | B19: Segurança hídrica humana | C19: 0.25 | D19: 0.25 | E19: =C19-D19
A20: Humana | B20: SOMA | C20: =SUM(C16:C19) | D20: 1 | F20: =IF(ABS(C20-1)<0.000001,"OK - 100%","AJUSTAR")
A21: Econômica | B21: PIB | C21: 0.33333333 | D21: 0.33333333 | E21: =C21-D21
A22: Econômica | B22: Segurança industrial | C22: 0.33333333 | D22: 0.33333333 | E22: =C22-D22
A23: Econômica | B23: Segurança agropecuária | C23: 0.33333333 | D23: 0.33333333 | E23: =C23-D23
A24: Econômica | B24: SOMA | C24: =SUM(C21:C23) | D24: 1 | F24: =IF(ABS(C24-1)<0.000001,"OK - 100%","AJUSTAR")
A25: Ecossistêmica | B25: Cobertura florestal | C25: 0.5 | D25: 0.5 | E25: =C25-D25
A26: Ecossistêmica | B26: Segurança associada à DBO | C26: 0.5 | D26: 0.5 | E26: =C26-D26
A27: Ecossistêmica | B27: SOMA | C27: =SUM(C25:C26) | D27: 1 | F27: =IF(ABS(C27-1)<0.000001,"OK - 100%","AJUSTAR")
A28: Resiliência | B28: SPI-12 | C28: 0.5 | D28: 0.5 | E28: =C28-D28
A29: Resiliência | B29: CV pluviométrico | C29: 0.5 | D29: 0.5 | E29: =C29-D29
A30: Resiliência | B30: SOMA | C30: =SUM(C28:C29) | D30: 1 | F30: =IF(ABS(C30-1)<0.000001,"OK - 100%","AJUSTAR")
A32: REGRA DO CÁLCULO
A33: Cada dimensão é recalculada pela soma ponderada de suas variáveis. Depois, as quatro dimensões recebem os pesos do Nível 2. O fator Q95 permanece transversal e fixo, sem receber peso. O resultado só é exibido quando todos os grupos somam 100%.

Sheet RESULTADOS_MUNICIPIOS
A1: cod_ibge | B1: Município | C1: UF | D1: Região | E1: Humana ponderada | F1: Econômica ponderada | G1: Ecossistêmica ponderada | H1: Resiliência ponderada | I1: Fator Q95 | J1: ISH Beta 25/25/25/25 | K1: ISH com pesos escolhidos | L1: Diferença vs Beta | M1: Diferença absoluta | N1: Abastecimento | O1: Potabilidade | P1: Perdas_inv | Q1: Seg_humana_hidrica | R1: PIB | S1: Seg_industrial | T1: Seg_agro | U1: Cobertura_florestal | V1: DBO_inv | W1: SPI12 | X1: CV_pluv_inv
A2: 1100015 | B2: Alta Floresta D'Oeste | C2: RO | D2: REGIÃO NORTE | E2: =SUMPRODUCT(N2:Q2,PAINEL_PESOS!$C$16:$C$19) | F2: =SUMPRODUCT(R2:T2,PAINEL_PESOS!$C$21:$C$23) | G2: =SUMPRODUCT(U2:V2,PAINEL_PESOS!$C$25:$C$26) | H2: =SUMPRODUCT(W2:X2,PAINEL_PESOS!$C$28:$C$29) | I2: 0.9968011 | J2: 0.67442049 | K2: =IF(NOT(AND(PAINEL_PESOS!$D$12="OK - 100%",PAINEL_PESOS!$F$20="OK - 100%",PAINEL_PESOS!$F$24="OK - 100%",PAINEL_PESOS!$F$27="OK - 100%",PAINEL_PESOS!$F$30="OK - 100%")),"", (E2*PAINEL_PESOS!$B$7+F2*PAINEL_PESOS!$B$8+G2*PAINEL_PESOS!$B$9+H2*PAINEL_PESOS!$B$10)*I2) | L2: =IF(K2="","",K2-J2) | M2: =IF(L2="","",ABS(L2)) | N2: 0.4 | O2: 1 | P2: 0.3500528 | Q2: 0.9995823 | R2: 0.34956347 | S2: 0.99994735 | T2: 0.98398654 | U2: 0.5447275 | V2: 0.29944518 | W2: 0.71289627 | X2: 0.92512714
A3: 1100023 | B3: Ariquemes | C3: RO | D3: REGIÃO NORTE | E3: =SUMPRODUCT(N3:Q3,PAINEL_PESOS!$C$16:$C$19) | F3: =SUMPRODUCT(R3:T3,PAINEL_PESOS!$C$21:$C$23) | G3: =SUMPRODUCT(U3:V3,PAINEL_PESOS!$C$25:$C$26) | H3: =SUMPRODUCT(W3:X3,PAINEL_PESOS!$C$28:$C$29) | I3: 0.99842651 | J3: 0.6910795 | K3: =IF(NOT(AND(PAINEL_PESOS!$D$12="OK - 100%",PAINEL_PESOS!$F$20="OK - 100%",PAINEL_PESOS!$F$24="OK - 100%",PAINEL_PESOS!$F$27="OK - 100%",PAINEL_PESOS!$F$30="OK - 100%")),"", (E3*PAINEL_PESOS!$B$7+F3*PAINEL_PESOS!$B$8+G3*PAINEL_PESOS!$B$9+H3*PAINEL_PESOS!$B$10)*I3) | L3: =IF(K3="","",K3-J3) | M3: =IF(L3="","",ABS(L3)) | N3: 0.4 | O3: 0.9974 | P3: 0.65987328 | Q3: 0.99497859 | R3: 0.48408171 | S3: 0.99918995 | T3: 0.99621681 | U3: 0.42541133 | V3: 0.29886843 | W3: 0.67482989 | X3: 0.95912104
A4: 1100031 | B4: Cabixi | C4: RO | D4: REGIÃO NORTE | E4: =SUMPRODUCT(N4:Q4,PAINEL_PESOS!$C$16:$C$19) | F4: =SUMPRODUCT(R4:T4,PAINEL_PESOS!$C$21:$C$23) | G4: =SUMPRODUCT(U4:V4,PAINEL_PESOS!$C$25:$C$26) | H4: =SUMPRODUCT(W4:X4,PAINEL_PESOS!$C$28:$C$29) | I4: 0.99876286 | J4: 0.71477542 | K4: =IF(NOT(AND(PAINEL_PESOS!$D$12="OK - 100%",PAINEL_PESOS!$F$20="OK - 100%",PAINEL_PESOS!$F$24="OK - 100%",PAINEL_PESOS!$F$27="OK - 100%",PAINEL_PESOS!$F$30="OK - 100%")),"", (E4*PAINEL_PESOS!$B$7+F4*PAINEL_PESOS!$B$8+G4*PAINEL_PESOS!$B$9+H4*PAINEL_PESOS!$B$10)*I4) | L4: =IF(K4="","",K4-J4) | M4: =IF(L4="","",ABS(L4)) | N4: 1 | O4: 1 | P4: 0.52228089 | Q4: 0.99969967 | R4: 0.23252086 | S4: 0.99994431 | T4: 0.99392816 | U4: 0.3766196 | V4: 0.33270908 | W4: 0.85243237 | X4: 0.91827279
A5: 1100049 | B5: Cacoal | C5: RO | D5: REGIÃO NORTE | E5: =SUMPRODUCT(N5:Q5,PAINEL_PESOS!$C$16:$C$19) | F5: =SUMPRODUCT(R5:T5,PAINEL_PESOS!$C$21:$C$23) | G5: =SUMPRODUCT(U5:V5,PAINEL_PESOS!$C$25:$C$26) | H5: =SUMPRODUCT(W5:X5,PAINEL_PESOS!$C$28:$C$29) | I5: 0.99501716 | J5: 0.72366518 | K5: =IF(NOT(AND(PAINEL_PESOS!$D$12="OK - 100%",PAINEL_PESOS!$F$20="OK - 100%",PAINEL_PESOS!$F$24="OK - 100%",PAINEL_PESOS!$F$27="OK - 100%",PAINEL_PESOS!$F$30="OK - 100%")),"", (E5*PAINEL_PESOS!$B$7+F5*PAINEL_PESOS!$B$8+G5*PAINEL_PESOS!$B$9+H5*PAINEL_PESOS!$B$10)*I5) | L5: =IF(K5="","",K5-J5) | M5: =IF(L5="","",ABS(L5)) | N5: 1 | O5: 0.7122 | P5: 0.53790919 | Q5: 0.99624203 | R5: 0.47185219 | S5: 0.99932338 | T5: 0.97753007 | U5: 0.67159389 | V5: 0.29790092 | W5: 0.60290183 | X5: 0.99027047
A6: 1100056 | B6: Cerejeiras | C6: RO | D6: REGIÃO NORTE | E6: =SUMPRODUCT(N6:Q6,PAINEL_PESOS!$C$16:$C$19) | F6: =SUMPRODUCT(R6:T6,PAINEL_PESOS!$C$21:$C$23) | G6: =SUMPRODUCT(U6:V6,PAINEL_PESOS!$C$25:$C$26) | H6: =SUMPRODUCT(W6:X6,PAINEL_PESOS!$C$28:$C$29) | I6: 0.9995116 | J6: 0.66851928 | K6: =IF(NOT(AND(PAINEL_PESOS!$D$12="OK - 100%",PAINEL_PESOS!$F$20="OK - 100%",PAINEL_PESOS!$F$24="OK - 100%",PAINEL_PESOS!$F$27="OK - 100%",PAINEL_PESOS!$F$30="OK - 100%")),"", (E6*PAINEL_PESOS!$B$7+F6*PAINEL_PESOS!$B$8+G6*PAINEL_PESOS!$B$9+H6*PAINEL_PESOS!$B$10)*I6) | L6: =IF(K6="","",K6-J6) | M6: =IF(L6="","",ABS(L6)) | N6: 0.2 | O6: 1 | P6: 0.49007392 | Q6: 0.99911857 | R6: 0.34590783 | S6: 0.99985152 | T6: 0.99822641 | U6: 0.43010798 | V6: 0.31513299 | W6: 0.78683343 | X6: 0.91143978
A7: 1100064 | B7: Colorado do Oeste | C7: RO | D7: REGIÃO NORTE | E7: =SUMPRODUCT(N7:Q7,PAINEL_PESOS!$C$16:$C$19) | F7: =SUMPRODUCT(R7:T7,PAINEL_PESOS!$C$21:$C$23) | G7: =SUMPRODUCT(U7:V7,PAINEL_PESOS!$C$25:$C$26) | H7: =SUMPRODUCT(W7:X7,PAINEL_PESOS!$C$28:$C$29) | I7: 0.99865532 | J7: 0.70537515 | K7: =IF(NOT(AND(PAINEL_PESOS!$D$12="OK - 100%",PAINEL_PESOS!$F$20="OK - 100%",PAINEL_PESOS!$F$24="OK - 100%",PAINEL_PESOS!$F$27="OK - 100%",PAINEL_PESOS!$F$30="OK - 100%")),"", (E7*PAINEL_PESOS!$B$7+F7*PAINEL_PESOS!$B$8+G7*PAINEL_PESOS!$B$9+H7*PAINEL_PESOS!$B$10)*I7) | L7: =IF(K7="","",K7-J7) | M7: =IF(L7="","",ABS(L7)) | N7: 1 | O7: 1 | P7: 0.32428722 | Q7: 0.99856903 | R7: 0.29430717 | S7: 0.99961798 | T7: 0.99435691 | U7: 0.37777324 | V7: 0.31791725 | W7: 0.84890894 | X7: 0.9190505
A8: 1100072 | B8: Corumbiara | C8: RO | D8: REGIÃO NORTE | E8: =SUMPRODUCT(N8:Q8,PAINEL_PESOS!$C$16:$C$19) | F8: =SUMPRODUCT(R8:T8,PAINEL_PESOS!$C$21:$C$23) | G8: =SUMPRODUCT(U8:V8,PAINEL_PESOS!$C$25:$C$26) | H8: =SUMPRODUCT(W8:X8,PAINEL_PESOS!$C$28:$C$29) | I8: 0.99918456 | J8: 0.71988683 | K8: =IF(NOT(AND(PAINEL_PESOS!$D$12="OK - 100%",PAINEL_PESOS!$F$20="OK - 100%",PAINEL_PESOS!$F$24="OK - 100%",PAINEL_PESOS!$F$27="OK - 100%",PAINEL_PESOS!$F$30="OK - 100%")),"", (E8*PAINEL_PESOS!$B$7+F8*PAINEL_PESOS!$B$8+G8*PAINEL_PESOS!$B$9+H8*PAINEL_PESOS!$B$10)*I8) | L8: =IF(K8="","",K8-J8) | M8: =IF(L8="","",ABS(L8)) | N8: 1 | O8: 1 | P8: 0.64920803 | Q8: 0.99977625 | R8: 0.28200506 | S8: 0.99997512 | T8: 0.99601149 | U8: 0.49016383 | V8: 0.31423203 | W8: 0.71192876 | X8: 0.90431676
A9: 1100080 | B9: Costa Marques | C9: RO | D9: REGIÃO NORTE | E9: =SUMPRODUCT(N9:Q9,PAINEL_PESOS!$C$16:$C$19) | F9: =SUMPRODUCT(R9:T9,PAINEL_PESOS!$C$21:$C$23) | G9: =SUMPRODUCT(U9:V9,PAINEL_PESOS!$C$25:$C$26) | H9: =SUMPRODUCT(W9:X9,PAINEL_PESOS!$C$28:$C$29) | I9: 0.99899257 | J9: 0.64632413 | K9: =IF(NOT(AND(PAINEL_PESOS!$D$12="OK - 100%",PAINEL_PESOS!$F$20="OK - 100%",PAINEL_PESOS!$F$24="OK - 100%",PAINEL_PESOS!$F$27="OK - 100%",PAINEL_PESOS!$F$30="OK - 100%")),"", (E9*PAINEL_PESOS!$B$7+F9*PAINEL_PESOS!$B$8+G9*PAINEL_PESOS!$B$9+H9*PAINEL_PESOS!$B$10)*I9) | L9: =IF(K9="","",K9-J9) | M9: =IF(L9="","",ABS(L9)) | N9: 0.2 | O9: 1 | P9: 0.22925026 | Q9: 0.99858746 | R9: 0.26249042 | S9: 0.99999634 | T9: 0.99590423 | U9: 0.51566942 | V9: 0.30141227 | W9: 0.80057775 | X9: 0.83863505
A10: 1100098 | B10: Espigão D'Oeste | C10: RO | D10: REGIÃO NORTE | E10: =SUMPRODUCT(N10:Q10,PAINEL_PESOS!$C$16:$C$19) | F10: =SUMPRODUCT(R10:T10,PAINEL_PESOS!$C$21:$C$23) | G10: =SUMPRODUCT(U10:V10,PAINEL_PESOS!$C$25:$C$26) | H10: =SUMPRODUCT(W10:X10,PAINEL_PESOS!$C$28:$C$29) | I10: 0.99916769 | J10: 0.71042478 | K10: =IF(NOT(AND(PAINEL_PESOS!$D$12="OK - 100%",PAINEL_PESOS!$F$20="OK - 100%",PAINEL_PESOS!$F$24="OK - 100%",PAINEL_PESOS!$F$27="OK - 100%",PAINEL_PESOS!$F$30="OK - 100%")),"", (E10*PAINEL_PESOS!$B$7+F10*PAINEL_PESOS!$B$8+G10*PAINEL_PESOS!$B$9+H10*PAINEL_PESOS!$B$10)*I10) | L10: =IF(K10="","",K10-J10) | M10: =IF(L10="","",ABS(L10)) | N10: 0.2 | O10: 1 | P10: 0.69482577 | Q10: 0.9994271 | R10: 0.34753426 | S10: 0.999574 | T10: 0.99639405 | U10: 0.77118846 | V10: 0.31276806 | W10: 0.60714554 | X10: 0.9875692
A11: 1100106 | B11: Guajará-Mirim | C11: RO | D11: REGIÃO NORTE | E11: =SUMPRODUCT(N11:Q11,PAINEL_PESOS!$C$16:$C$19) | F11: =SUMPRODUCT(R11:T11,PAINEL_PESOS!$C$21:$C$23) | G11: =SUMPRODUCT(U11:V11,PAINEL_PESOS!$C$25:$C$26) | H11: =SUMPRODUCT(W11:X11,PAINEL_PESOS!$C$28:$C$29) | I11: 0.99990875 | J11: 0.71189551 | K11: =IF(NOT(AND(PAINEL_PESOS!$D$12="OK - 100%",PAINEL_PESOS!$F$20="OK - 100%",PAINEL_PESOS!$F$24="OK - 100%",PAINEL_PESOS!$F$27="OK - 100%",PAINEL_PESOS!$F$30="OK - 100%")),"", (E11*PAINEL_PESOS!$B$7+F11*PAINEL_PESOS!$B$8+G11*PAINEL_PESOS!$B$9+H11*PAINEL_PESOS!$B$10)*I11) | L11: =IF(K11="","",K11-J11) | M11: =IF(L11="","",ABS(L11)) | N11: 0.2 | O11: 1 | P11: 0.4279831 | Q11: 0.99964007 | R11: 0.35802667 | S11: 0.99997894 | T11: 0.99981194 | U11: 0.90492128 | V11: 0.30156078 | W11: 0.79459475 | X11: 0.80891701
A12: 1100114 | B12: Jaru | C12: RO | D12: REGIÃO NORTE | E12: =SUMPRODUCT(N12:Q12,PAINEL_PESOS!$C$16:$C$19) | F12: =SUMPRODUCT(R12:T12,PAINEL_PESOS!$C$21:$C$23) | G12: =SUMPRODUCT(U12:V12,PAINEL_PESOS!$C$25:$C$26) | H12: =SUMPRODUCT(W12:X12,PAINEL_PESOS!$C$28:$C$29) | I12: 0.99766957 | J12: 0.65501633 | K12: =IF(NOT(AND(PAINEL_PESOS!$D$12="OK - 100%",PAINEL_PESOS!$F$20="OK - 100%",PAINEL_PESOS!$F$24="OK - 100%",PAINEL_PESOS!$F$27="OK - 100%",PAINEL_PESOS!$F$30="OK - 100%")),"", (E12*PAINEL_PESOS!$B$7+F12*PAINEL_PESOS!$B$8+G12*PAINEL_PESOS!$B$9+H12*PAINEL_PESOS!$B$10)*I12) | L12: =IF(K12="","",K12-J12) | M12: =IF(L12="","",ABS(L12)) | N12: 0.2 | O12: 1 | P12: 0.44213305 | Q12: 0.99622378 | R12: 0.4319291 | S12: 0.99695708 | T12: 0.99218675 | U12: 0.42974988 | V12: 0.2990014 | W12: 0.59438197 | X12: 0.99601061
A13: 1100122 | B13: Ji-Paraná | C13: RO | D13: REGIÃO NORTE | E13: =SUMPRODUCT(N13:Q13,PAINEL_PESOS!$C$16:$C$19) | F13: =SUMPRODUCT(R13:T13,PAINEL_PESOS!$C$21:$C$23) | G13: =SUMPRODUCT(U13:V13,PAINEL_PESOS!$C$25:$C$26) | H13: =SUMPRODUCT(W13:X13,PAINEL_PESOS!$C$28:$C$29) | I13: 0.99894396 | J13: 0.66460453 | K13: =IF(NOT(AND(PAINEL_PESOS!$D$12="OK - 100%",PAINEL_PESOS!$F$20="OK - 100%",PAINEL_PESOS!$F$24="OK - 100%",PAINEL_PESOS!$F$27="OK - 100%",PAINEL_PESOS!$F$30="OK - 100%")),"", (E13*PAINEL_PESOS!$B$7+F13*PAINEL_PESOS!$B$8+G13*PAINEL_PESOS!$B$9+H13*PAINEL_PESOS!$B$10)*I13) | L13: =IF(K13="","",K13-J13) | M13: =IF(L13="","",ABS(L13)) | N13: 0.2 | O13: 1 | P13: 0.46853221 | Q13: 0.99660696 | R13: 0.51076239 | S13: 0.99856002 | T13: 0.99775921 | U13: 0.43143748 | V13: 0.29760925 | W13: 0.59266879 | X13: 0.99678413
... A580: 2107456 | B580: Olinda Nova do Maranhão | C580: MA | D580: REGIÃO NORDESTE | E580: =SUMPRODUCT(N580:Q580,PAINEL_PESOS!$C$16:$C$19) | F580: =SUMPRODUCT(R580:T580,PAINEL_PESOS!$C$21:$C$23) | G580: =SUMPRODUCT(U580:V580,PAINEL_PESOS!$C$25:$C$26) | H580: =SUMPRODUCT(W580:X580,PAINEL_PESOS!$C$28:$C$29) | I580: 0.96967369 | J580: 0.64523955 | K580: =IF(NOT(AND(PAINEL_PESOS!$D$12="OK - 100%",PAINEL_PESOS!$F$20="OK - 100%",PAINEL_PESOS!$F$24="OK - 100%",PAINEL_PESOS!$F$27="OK - 100%",PAINEL_PESOS!$F$30="OK - 100%")),"", (E580*PAINEL_PESOS!$B$7+F580*PAINEL_PESOS!$B$8+G580*PAINEL_PESOS!$B$9+H580*PAINEL_PESOS!$B$10)*I580) | L580: =IF(K580="","",K580-J580) | M580: =IF(L580="","",ABS(L580)) | N580: 0.2 | O580: 1 | P580: 1 | Q580: 0.81647003 | R580: 0.15571351 | S580: 0.99994539 | T580: 0.97714668 | U580: 0.39459972 | V580: 0.5768387 | W580: 0.69105024 | X580: 0.73076
A581: 2107506 | B581: Paço do Lumiar | C581: MA | D581: REGIÃO NORDESTE | E581: =SUMPRODUCT(N581:Q581,PAINEL_PESOS!$C$16:$C$19) | F581: =SUMPRODUCT(R581:T581,PAINEL_PESOS!$C$21:$C$23) | G581: =SUMPRODUCT(U581:V581,PAINEL_PESOS!$C$25:$C$26) | H581: =SUMPRODUCT(W581:X581,PAINEL_PESOS!$C$28:$C$29) | I581: 0.86208722 | K581: =IF(NOT(AND(PAINEL_PESOS!$D$12="OK - 100%",PAINEL_PESOS!$F$20="OK - 100%",PAINEL_PESOS!$F$24="OK - 100%",PAINEL_PESOS!$F$27="OK - 100%",PAINEL_PESOS!$F$30="OK - 100%")),"", (E581*PAINEL_PESOS!$B$7+F581*PAINEL_PESOS!$B$8+G581*PAINEL_PESOS!$B$9+H581*PAINEL_PESOS!$B$10)*I581) | L581: =IF(K581="","",K581-J581) | M581: =IF(L581="","",ABS(L581)) | N581: 0.6 | O581: 0.98 | P581: 0.36219641 | Q581: 0.27138528 | R581: 0.39196249 | S581: 0.9556738 | T581: 0.64745055 | V581: 0.56752713
A582: 2107605 | B582: Palmeirândia | C582: MA | D582: REGIÃO NORDESTE | E582: =SUMPRODUCT(N582:Q582,PAINEL_PESOS!$C$16:$C$19) | F582: =SUMPRODUCT(R582:T582,PAINEL_PESOS!$C$21:$C$23) | G582: =SUMPRODUCT(U582:V582,PAINEL_PESOS!$C$25:$C$26) | H582: =SUMPRODUCT(W582:X582,PAINEL_PESOS!$C$28:$C$29) | I582: 0.97405958 | J582: 0.647462 | K582: =IF(NOT(AND(PAINEL_PESOS!$D$12="OK - 100%",PAINEL_PESOS!$F$20="OK - 100%",PAINEL_PESOS!$F$24="OK - 100%",PAINEL_PESOS!$F$27="OK - 100%",PAINEL_PESOS!$F$30="OK - 100%")),"", (E582*PAINEL_PESOS!$B$7+F582*PAINEL_PESOS!$B$8+G582*PAINEL_PESOS!$B$9+H582*PAINEL_PESOS!$B$10)*I582) | L582: =IF(K582="","",K582-J582) | M582: =IF(L582="","",ABS(L582)) | N582: 1 | O582: 0.2414 | P582: 0.40232313 | Q582: 0.92155606 | R582: 0.18847405 | S582: 1 | T582: 0.91804871 | U582: 0.60002919 | V582: 0.57573251 | W582: 0.72990954 | X582: 0.72497843
A583: 2107704 | B583: Paraibano | C583: MA | D583: REGIÃO NORDESTE | E583: =SUMPRODUCT(N583:Q583,PAINEL_PESOS!$C$16:$C$19) | F583: =SUMPRODUCT(R583:T583,PAINEL_PESOS!$C$21:$C$23) | G583: =SUMPRODUCT(U583:V583,PAINEL_PESOS!$C$25:$C$26) | H583: =SUMPRODUCT(W583:X583,PAINEL_PESOS!$C$28:$C$29) | I583: 0.99361836 | J583: 0.61296544 | K583: =IF(NOT(AND(PAINEL_PESOS!$D$12="OK - 100%",PAINEL_PESOS!$F$20="OK - 100%",PAINEL_PESOS!$F$24="OK - 100%",PAINEL_PESOS!$F$27="OK - 100%",PAINEL_PESOS!$F$30="OK - 100%")),"", (E583*PAINEL_PESOS!$B$7+F583*PAINEL_PESOS!$B$8+G583*PAINEL_PESOS!$B$9+H583*PAINEL_PESOS!$B$10)*I583) | L583: =IF(K583="","",K583-J583) | M583: =IF(L583="","",ABS(L583)) | N583: 0.2 | O583: 1 | P583: 0.26800422 | Q583: 0.96591873 | R583: 0.19890523 | S583: 0.99994075 | T583: 0.99255697 | U583: 0.74982938 | V583: 0.42612354 | W583: 0.39399958 | X583: 0.68736901
A584: 2107803 | B584: Parnarama | C584: MA | D584: REGIÃO NORDESTE | E584: =SUMPRODUCT(N584:Q584,PAINEL_PESOS!$C$16:$C$19) | F584: =SUMPRODUCT(R584:T584,PAINEL_PESOS!$C$21:$C$23) | G584: =SUMPRODUCT(U584:V584,PAINEL_PESOS!$C$25:$C$26) | H584: =SUMPRODUCT(W584:X584,PAINEL_PESOS!$C$28:$C$29) | I584: 0.99467406 | J584: 0.68352176 | K584: =IF(NOT(AND(PAINEL_PESOS!$D$12="OK - 100%",PAINEL_PESOS!$F$20="OK - 100%",PAINEL_PESOS!$F$24="OK - 100%",PAINEL_PESOS!$F$27="OK - 100%",PAINEL_PESOS!$F$30="OK - 100%")),"", (E584*PAINEL_PESOS!$B$7+F584*PAINEL_PESOS!$B$8+G584*PAINEL_PESOS!$B$9+H584*PAINEL_PESOS!$B$10)*I584) | L584: =IF(K584="","",K584-J584) | M584: =IF(L584="","",ABS(L584)) | N584: 0.2 | O584: 1 | P584: 1 | Q584: 0.97999175 | R584: 0.25489891 | S584: 0.99998874 | T584: 0.98740919 | U584: 0.74335739 | V584: 0.60304564 | W584: 0.40712132 | X584: 0.65906842
A585: 2107902 | B585: Passagem Franca | C585: MA | D585: REGIÃO NORDESTE | E585: =SUMPRODUCT(N585:Q585,PAINEL_PESOS!$C$16:$C$19) | F585: =SUMPRODUCT(R585:T585,PAINEL_PESOS!$C$21:$C$23) | G585: =SUMPRODUCT(U585:V585,PAINEL_PESOS!$C$25:$C$26) | H585: =SUMPRODUCT(W585:X585,PAINEL_PESOS!$C$28:$C$29) | I585: 0.99707547 | J585: 0.68078412 | K585: =IF(NOT(AND(PAINEL_PESOS!$D$12="OK - 100%",PAINEL_PESOS!$F$20="OK - 100%",PAINEL_PESOS!$F$24="OK - 100%",PAINEL_PESOS!$F$27="OK - 100%",PAINEL_PESOS!$F$30="OK - 100%")),"", (E585*PAINEL_PESOS!$B$7+F585*PAINEL_PESOS!$B$8+G585*PAINEL_PESOS!$B$9+H585*PAINEL_PESOS!$B$10)*I585) | L585: =IF(K585="","",K585-J585) | M585: =IF(L585="","",ABS(L585)) | N585: 0.2 | O585: 1 | P585: 1 | Q585: 0.98549823 | R585: 0.1974256 | S585: 0.99997819 | T585: 0.99582784 | U585: 0.75092466 | V585: 0.57503373 | W585: 0.39394373 | X585: 0.68744183
A586: 2108009 | B586: Pastos Bons | C586: MA | D586: REGIÃO NORDESTE | E586: =SUMPRODUCT(N586:Q586,PAINEL_PESOS!$C$16:$C$19) | F586: =SUMPRODUCT(R586:T586,PAINEL_PESOS!$C$21:$C$23) | G586: =SUMPRODUCT(U586:V586,PAINEL_PESOS!$C$25:$C$26) | H586: =SUMPRODUCT(W586:X586,PAINEL_PESOS!$C$28:$C$29) | I586: 0.99712844 | J586: 0.72357903 | K586: =IF(NOT(AND(PAINEL_PESOS!$D$12="OK - 100%",PAINEL_PESOS!$F$20="OK - 100%",PAINEL_PESOS!$F$24="OK - 100%",PAINEL_PESOS!$F$27="OK - 100%",PAINEL_PESOS!$F$30="OK - 100%")),"", (E586*PAINEL_PESOS!$B$7+F586*PAINEL_PESOS!$B$8+G586*PAINEL_PESOS!$B$9+H586*PAINEL_PESOS!$B$10)*I586) | L586: =IF(K586="","",K586-J586) | M586: =IF(L586="","",ABS(L586)) | N586: 1 | O586: 0.9727 | P586: 0.99883844 | Q586: 0.98640155 | R586: 0.23909572 | S586: 0.99991604 | T586: 0.99546401 | U586: 0.77285152 | V586: 0.42126511 | W586: 0.42338593 | X586: 0.71917947
A587: 2108058 | B587: Paulino Neves | C587: MA | D587: REGIÃO NORDESTE | E587: =SUMPRODUCT(N587:Q587,PAINEL_PESOS!$C$16:$C$19) | F587: =SUMPRODUCT(R587:T587,PAINEL_PESOS!$C$21:$C$23) | G587: =SUMPRODUCT(U587:V587,PAINEL_PESOS!$C$25:$C$26) | H587: =SUMPRODUCT(W587:X587,PAINEL_PESOS!$C$28:$C$29) | I587: 0.99793095 | J587: 0.62539792 | K587: =IF(NOT(AND(PAINEL_PESOS!$D$12="OK - 100%",PAINEL_PESOS!$F$20="OK - 100%",PAINEL_PESOS!$F$24="OK - 100%",PAINEL_PESOS!$F$27="OK - 100%",PAINEL_PESOS!$F$30="OK - 100%")),"", (E587*PAINEL_PESOS!$B$7+F587*PAINEL_PESOS!$B$8+G587*PAINEL_PESOS!$B$9+H587*PAINEL_PESOS!$B$10)*I587) | L587: =IF(K587="","",K587-J587) | M587: =IF(L587="","",ABS(L587)) | N587: 0.2 | O587: 1 | P587: 0.18627244 | Q587: 0.99047579 | R587: 0.17204611 | S587: 1 | T587: 0.99650491 | U587: 0.72962764 | V587: 0.56181792 | W587: 0.50432136 | X587: 0.58371491
A588: 2108108 | B588: Paulo Ramos | C588: MA | D588: REGIÃO NORDESTE | E588: =SUMPRODUCT(N588:Q588,PAINEL_PESOS!$C$16:$C$19) | F588: =SUMPRODUCT(R588:T588,PAINEL_PESOS!$C$21:$C$23) | G588: =SUMPRODUCT(U588:V588,PAINEL_PESOS!$C$25:$C$26) | H588: =SUMPRODUCT(W588:X588,PAINEL_PESOS!$C$28:$C$29) | I588: 0.99293204 | J588: 0.54350155 | K588: =IF(NOT(AND(PAINEL_PESOS!$D$12="OK - 100%",PAINEL_PESOS!$F$20="OK - 100%",PAINEL_PESOS!$F$24="OK - 100%",PAINEL_PESOS!$F$27="OK - 100%",PAINEL_PESOS!$F$30="OK - 100%")),"", (E588*PAINEL_PESOS!$B$7+F588*PAINEL_PESOS!$B$8+G588*PAINEL_PESOS!$B$9+H588*PAINEL_PESOS!$B$10)*I588) | L588: =IF(K588="","",K588-J588) | M588: =IF(L588="","",ABS(L588)) | N588: 0.2 | O588: 0.1884 | P588: 0.11414995 | Q588: 0.96745123 | R588: 0.21921157 | S588: 0.9999822 | T588: 0.98769885 | U588: 0.29859014 | V588: 0.59510736 | W588: 0.51947962 | X588: 0.75952325
A589: 2108207 | B589: Pedreiras | C589: MA | D589: REGIÃO NORDESTE | E589: =SUMPRODUCT(N589:Q589,PAINEL_PESOS!$C$16:$C$19) | F589: =SUMPRODUCT(R589:T589,PAINEL_PESOS!$C$21:$C$23) | G589: =SUMPRODUCT(U589:V589,PAINEL_PESOS!$C$25:$C$26) | H589: =SUMPRODUCT(W589:X589,PAINEL_PESOS!$C$28:$C$29) | I589: 0.95120752 | J589: 0.59662982 | K589: =IF(NOT(AND(PAINEL_PESOS!$D$12="OK - 100%",PAINEL_PESOS!$F$20="OK - 100%",PAINEL_PESOS!$F$24="OK - 100%",PAINEL_PESOS!$F$27="OK - 100%",PAINEL_PESOS!$F$30="OK - 100%")),"", (E589*PAINEL_PESOS!$B$7+F589*PAINEL_PESOS!$B$8+G589*PAINEL_PESOS!$B$9+H589*PAINEL_PESOS!$B$10)*I589) | L589: =IF(K589="","",K589-J589) | M589: =IF(L589="","",ABS(L589)) | N589: 0.4 | O589: 0.979 | P589: 0.22903907 | Q589: 0.7310764 | R589: 0.32783343 | S589: 0.99474203 | T589: 0.93273751 | U589: 0.52883748 | V589: 0.58829067 | W589: 0.51452088 | X589: 0.71312432
A590: 2108256 | B590: Pedro do Rosário | C590: MA | D590: REGIÃO NORDESTE | E590: =SUMPRODUCT(N590:Q590,PAINEL_PESOS!$C$16:$C$19) | F590: =SUMPRODUCT(R590:T590,PAINEL_PESOS!$C$21:$C$23) | G590: =SUMPRODUCT(U590:V590,PAINEL_PESOS!$C$25:$C$26) | H590: =SUMPRODUCT(W590:X590,PAINEL_PESOS!$C$28:$C$29) | I590: 0.99410785 | J590: 0.68077536 | K590: =IF(NOT(AND(PAINEL_PESOS!$D$12="OK - 100%",PAINEL_PESOS!$F$20="OK - 100%",PAINEL_PESOS!$F$24="OK - 100%",PAINEL_PESOS!$F$27="OK - 100%",PAINEL_PESOS!$F$30="OK - 100%")),"", (E590*PAINEL_PESOS!$B$7+F590*PAINEL_PESOS!$B$8+G590*PAINEL_PESOS!$B$9+H590*PAINEL_PESOS!$B$10)*I590) | L590: =IF(K590="","",K590-J590) | M590: =IF(L590="","",ABS(L590)) | N590: 0.2 | O590: 1 | P590: 1 | Q590: 0.96865665 | R590: 0.20557966 | S590: 1 | T590: 0.99303405 | U590: 0.36359801 | V590: 0.57726833 | W590: 0.69428523 | X590: 0.79326059
A591: 2108306 | B591: Penalva | C591: MA | D591: REGIÃO NORDESTE | E591: =SUMPRODUCT(N591:Q591,PAINEL_PESOS!$C$16:$C$19) | F591: =SUMPRODUCT(R591:T591,PAINEL_PESOS!$C$21:$C$23) | G591: =SUMPRODUCT(U591:V591,PAINEL_PESOS!$C$25:$C$26) | H591: =SUMPRODUCT(W591:X591,PAINEL_PESOS!$C$28:$C$29) | I591: 0.9785051 | J591: 0.57147829 | K591: =IF(NOT(AND(PAINEL_PESOS!$D$12="OK - 100%",PAINEL_PESOS!$F$20="OK - 100%",PAINEL_PESOS!$F$24="OK - 100%",PAINEL_PESOS!$F$27="OK - 100%",PAINEL_PESOS!$F$30="OK - 100%")),"", (E591*PAINEL_PESOS!$B$7+F591*PAINEL_PESOS!$B$8+G591*PAINEL_PESOS!$B$9+H591*PAINEL_PESOS!$B$10)*I591) | L591: =IF(K591="","",K591-J591) | M591: =IF(L591="","",ABS(L591)) | N591: 0.2 | O591: 0.6226 | P591: 0.19831045 | Q591: 0.86718098 | R591: 0.23633153 | S591: 0.99995579 | T591: 0.98736048 | U591: 0.25428172 | V591: 0.58175789 | W591: 0.59594845 | X591: 0.81379035
A592: 2108405 | B592: Peri Mirim | C592: MA | D592: REGIÃO NORDESTE | E592: =SUMPRODUCT(N592:Q592,PAINEL_PESOS!$C$16:$C$19) | F592: =SUMPRODUCT(R592:T592,PAINEL_PESOS!$C$21:$C$23) | G592: =SUMPRODUCT(U592:V592,PAINEL_PESOS!$C$25:$C$26) | H592: =SUMPRODUCT(W592:X592,PAINEL_PESOS!$C$28:$C$29) | I592: 0.98778112 | J592: 0.61107623 | K592: =IF(NOT(AND(PAINEL_PESOS!$D$12="OK - 100%",PAINEL_PESOS!$F$20="OK - 100%",PAINEL_PESOS!$F$24="OK - 100%",PAINEL_PESOS!$F$27="OK - 100%",PAINEL_PESOS!$F$30="OK - 100%")),"", (E592*PAINEL_PESOS!$B$7+F592*PAINEL_PESOS!$B$8+G592*PAINEL_PESOS!$B$9+H592*PAINEL_PESOS!$B$10)*I592) | L592: =IF(K592="","",K592-J592) | M592: =IF(L592="","",ABS(L592)) | N592: 0.2 | O592: 0.5 | P592: 0.31351637 | Q592: 0.92567034 | R592: 0.13807153 | S592: 0.99999096 | T592: 0.99240228 | U592: 0.54416509 | V592: 0.57556676 | W592: 0.72103664 | X592: 0.71841039
A593: 2108454 | B593: Peritoró | C593: MA | D593: REGIÃO NORDESTE | E593: =SUMPRODUCT(N593:Q593,PAINEL_PESOS!$C$16:$C$19) | F593: =SUMPRODUCT(R593:T593,PAINEL_PESOS!$C$21:$C$23) | G593: =SUMPRODUCT(U593:V593,PAINEL_PESOS!$C$25:$C$26) | H593: =SUMPRODUCT(W593:X593,PAINEL_PESOS!$C$28:$C$29) | I593: 0.99118258 | J593: 0.60172037 | K593: =IF(NOT(AND(PAINEL_PESOS!$D$12="OK - 100%",PAINEL_PESOS!$F$20="OK - 100%",PAINEL_PESOS!$F$24="OK - 100%",PAINEL_PESOS!$F$27="OK - 100%",PAINEL_PESOS!$F$30="OK - 100%")),"", (E593*PAINEL_PESOS!$B$7+F593*PAINEL_PESOS!$B$8+G593*PAINEL_PESOS!$B$9+H593*PAINEL_PESOS!$B$10)*I593) | L593: =IF(K593="","",K593-J593) | M593: =IF(L593="","",ABS(L593)) | N593: 0.2 | O593: 0.767 | P593: 0.18162619 | Q593: 0.95938768 | R593: 0.22508757 | S593: 1 | T593: 0.98446208 | U593: 0.54775098 | V593: 0.58598433 | W593: 0.49820848 | X593: 0.69760166
... A606: 2109403 | B606: Primeira Cruz | C606: MA | D606: REGIÃO NORDESTE | E606: =SUMPRODUCT(N606:Q606,PAINEL_PESOS!$C$16:$C$19) | F606: =SUMPRODUCT(R606:T606,PAINEL_PESOS!$C$21:$C$23) | G606: =SUMPRODUCT(U606:V606,PAINEL_PESOS!$C$25:$C$26) | H606: =SUMPRODUCT(W606:X606,PAINEL_PESOS!$C$28:$C$29) | I606: 0.99842273 | J606: 0.60556363 | K606: =IF(NOT(AND(PAINEL_PESOS!$D$12="OK - 100%",PAINEL_PESOS!$F$20="OK - 100%",PAINEL_PESOS!$F$24="OK - 100%",PAINEL_PESOS!$F$27="OK - 100%",PAINEL_PESOS!$F$30="OK - 100%")),"", (E606*PAINEL_PESOS!$B$7+F606*PAINEL_PESOS!$B$8+G606*PAINEL_PESOS!$B$9+H606*PAINEL_PESOS!$B$10)*I606) | L606: =IF(K606="","",K606-J606) | M606: =IF(L606="","",ABS(L606)) | N606: 0.2 | O606: 1 | P606: 0.19007392 | Q606: 0.99104862 | R606: 0.14662114 | S606: 1 | T606: 0.99861793 | U606: 0.45838326 | V606: 0.56591783 | W606: 0.56375588 | X606: 0.64338459
A607: 2109452 | B607: Raposa | C607: MA | D607: REGIÃO NORDESTE | E607: =SUMPRODUCT(N607:Q607,PAINEL_PESOS!$C$16:$C$19) | F607: =SUMPRODUCT(R607:T607,PAINEL_PESOS!$C$21:$C$23) | G607: =SUMPRODUCT(U607:V607,PAINEL_PESOS!$C$25:$C$26) | H607: =SUMPRODUCT(W607:X607,PAINEL_PESOS!$C$28:$C$29) | I607: 0.89706411 | K607: =IF(NOT(AND(PAINEL_PESOS!$D$12="OK - 100%",PAINEL_PESOS!$F$20="OK - 100%",PAINEL_PESOS!$F$24="OK - 100%",PAINEL_PESOS!$F$27="OK - 100%",PAINEL_PESOS!$F$30="OK - 100%")),"", (E607*PAINEL_PESOS!$B$7+F607*PAINEL_PESOS!$B$8+G607*PAINEL_PESOS!$B$9+H607*PAINEL_PESOS!$B$10)*I607) | L607: =IF(K607="","",K607-J607) | M607: =IF(L607="","",ABS(L607)) | N607: 0.2 | O607: 1 | P607: 1 | Q607: 0.43917279 | R607: 0.25472117 | S607: 0.97116298 | T607: 0.79541058 | V607: 0.56742833
A608: 2109502 | B608: Riachão | C608: MA | D608: REGIÃO NORDESTE | E608: =SUMPRODUCT(N608:Q608,PAINEL_PESOS!$C$16:$C$19) | F608: =SUMPRODUCT(R608:T608,PAINEL_PESOS!$C$21:$C$23) | G608: =SUMPRODUCT(U608:V608,PAINEL_PESOS!$C$25:$C$26) | H608: =SUMPRODUCT(W608:X608,PAINEL_PESOS!$C$28:$C$29) | I608: 0.99890747 | J608: 0.71443626 | K608: =IF(NOT(AND(PAINEL_PESOS!$D$12="OK - 100%",PAINEL_PESOS!$F$20="OK - 100%",PAINEL_PESOS!$F$24="OK - 100%",PAINEL_PESOS!$F$27="OK - 100%",PAINEL_PESOS!$F$30="OK - 100%")),"", (E608*PAINEL_PESOS!$B$7+F608*PAINEL_PESOS!$B$8+G608*PAINEL_PESOS!$B$9+H608*PAINEL_PESOS!$B$10)*I608) | L608: =IF(K608="","",K608-J608) | M608: =IF(L608="","",ABS(L608)) | N608: 1 | O608: 0.9524 | P608: 0.45987328 | Q608: 0.9993023 | R608: 0.31015479 | S608: 0.99999452 | T608: 0.99493838 | U608: 0.53138778 | V608: 0.57323474 | W608: 0.5782058 | X608: 0.79640003
A609: 2109551 | B609: Ribamar Fiquene | C609: MA | D609: REGIÃO NORDESTE | E609: =SUMPRODUCT(N609:Q609,PAINEL_PESOS!$C$16:$C$19) | F609: =SUMPRODUCT(R609:T609,PAINEL_PESOS!$C$21:$C$23) | G609: =SUMPRODUCT(U609:V609,PAINEL_PESOS!$C$25:$C$26) | H609: =SUMPRODUCT(W609:X609,PAINEL_PESOS!$C$28:$C$29) | I609: 0.99350307 | J609: 0.71381522 | K609: =IF(NOT(AND(PAINEL_PESOS!$D$12="OK - 100%",PAINEL_PESOS!$F$20="OK - 100%",PAINEL_PESOS!$F$24="OK - 100%",PAINEL_PESOS!$F$27="OK - 100%",PAINEL_PESOS!$F$30="OK - 100%")),"", (E609*PAINEL_PESOS!$B$7+F609*PAINEL_PESOS!$B$8+G609*PAINEL_PESOS!$B$9+H609*PAINEL_PESOS!$B$10)*I609) | L609: =IF(K609="","",K609-J609) | M609: =IF(L609="","",ABS(L609)) | N609: 0.2 | O609: 1 | P609: 1 | Q609: 0.996496 | R609: 0.16654936 | S609: 0.99998991 | T609: 0.96929159 | U609: 0.58978193 | V609: 0.5658851 | W609: 0.7535055 | X609: 0.81655746
A610: 2109601 | B610: Rosário | C610: MA | D610: REGIÃO NORDESTE | E610: =SUMPRODUCT(N610:Q610,PAINEL_PESOS!$C$16:$C$19) | F610: =SUMPRODUCT(R610:T610,PAINEL_PESOS!$C$21:$C$23) | G610: =SUMPRODUCT(U610:V610,PAINEL_PESOS!$C$25:$C$26) | H610: =SUMPRODUCT(W610:X610,PAINEL_PESOS!$C$28:$C$29) | I610: 0.9829046 | J610: 0.67453399 | K610: =IF(NOT(AND(PAINEL_PESOS!$D$12="OK - 100%",PAINEL_PESOS!$F$20="OK - 100%",PAINEL_PESOS!$F$24="OK - 100%",PAINEL_PESOS!$F$27="OK - 100%",PAINEL_PESOS!$F$30="OK - 100%")),"", (E610*PAINEL_PESOS!$B$7+F610*PAINEL_PESOS!$B$8+G610*PAINEL_PESOS!$B$9+H610*PAINEL_PESOS!$B$10)*I610) | L610: =IF(K610="","",K610-J610) | M610: =IF(L610="","",ABS(L610)) | N610: 0.4 | O610: 0.9653 | P610: 0.58817318 | Q610: 0.89571435 | R610: 0.28433976 | S610: 0.99854984 | T610: 0.99212042 | U610: 0.67032312 | V610: 0.57493608 | W610: 0.60422533 | X610: 0.69937619
A611: 2109700 | B611: Sambaíba | C611: MA | D611: REGIÃO NORDESTE | E611: =SUMPRODUCT(N611:Q611,PAINEL_PESOS!$C$16:$C$19) | F611: =SUMPRODUCT(R611:T611,PAINEL_PESOS!$C$21:$C$23) | G611: =SUMPRODUCT(U611:V611,PAINEL_PESOS!$C$25:$C$26) | H611: =SUMPRODUCT(W611:X611,PAINEL_PESOS!$C$28:$C$29) | I611: 0.99974115 | J611: 0.66204338 | K611: =IF(NOT(AND(PAINEL_PESOS!$D$12="OK - 100%",PAINEL_PESOS!$F$20="OK - 100%",PAINEL_PESOS!$F$24="OK - 100%",PAINEL_PESOS!$F$27="OK - 100%",PAINEL_PESOS!$F$30="OK - 100%")),"", (E611*PAINEL_PESOS!$B$7+F611*PAINEL_PESOS!$B$8+G611*PAINEL_PESOS!$B$9+H611*PAINEL_PESOS!$B$10)*I611) | L611: =IF(K611="","",K611-J611) | M611: =IF(L611="","",ABS(L611)) | N611: 0.4 | O611: 0.7468 | P611: 0.26420275 | Q611: 0.99928331 | R611: 0.26679035 | S611: 0.99999162 | T611: 0.99921605 | U611: 0.65364708 | V611: 0.50405244 | W611: 0.63033233 | X611: 0.79387815
A612: 2109759 | B612: Santa Filomena do Maranhão | C612: MA | D612: REGIÃO NORDESTE | E612: =SUMPRODUCT(N612:Q612,PAINEL_PESOS!$C$16:$C$19) | F612: =SUMPRODUCT(R612:T612,PAINEL_PESOS!$C$21:$C$23) | G612: =SUMPRODUCT(U612:V612,PAINEL_PESOS!$C$25:$C$26) | H612: =SUMPRODUCT(W612:X612,PAINEL_PESOS!$C$28:$C$29) | I612: 0.99788736 | J612: 0.61264297 | K612: =IF(NOT(AND(PAINEL_PESOS!$D$12="OK - 100%",PAINEL_PESOS!$F$20="OK - 100%",PAINEL_PESOS!$F$24="OK - 100%",PAINEL_PESOS!$F$27="OK - 100%",PAINEL_PESOS!$F$30="OK - 100%")),"", (E612*PAINEL_PESOS!$B$7+F612*PAINEL_PESOS!$B$8+G612*PAINEL_PESOS!$B$9+H612*PAINEL_PESOS!$B$10)*I612) | L612: =IF(K612="","",K612-J612) | M612: =IF(L612="","",ABS(L612)) | N612: 0.2 | O612: 1 | P612: 0.45681098 | Q612: 0.99279074 | R612: 0.09811131 | S612: 1 | T612: 0.99454315 | U612: 0.42791487 | V612: 0.62813652 | W612: 0.43455415 | X612: 0.70101068
A613: 2109809 | B613: Santa Helena | C613: MA | D613: REGIÃO NORDESTE | E613: =SUMPRODUCT(N613:Q613,PAINEL_PESOS!$C$16:$C$19) | F613: =SUMPRODUCT(R613:T613,PAINEL_PESOS!$C$21:$C$23) | G613: =SUMPRODUCT(U613:V613,PAINEL_PESOS!$C$25:$C$26) | H613: =SUMPRODUCT(W613:X613,PAINEL_PESOS!$C$28:$C$29) | I613: 0.99329298 | J613: 0.7014769 | K613: =IF(NOT(AND(PAINEL_PESOS!$D$12="OK - 100%",PAINEL_PESOS!$F$20="OK - 100%",PAINEL_PESOS!$F$24="OK - 100%",PAINEL_PESOS!$F$27="OK - 100%",PAINEL_PESOS!$F$30="OK - 100%")),"", (E613*PAINEL_PESOS!$B$7+F613*PAINEL_PESOS!$B$8+G613*PAINEL_PESOS!$B$9+H613*PAINEL_PESOS!$B$10)*I613) | L613: =IF(K613="","",K613-J613) | M613: =IF(L613="","",ABS(L613)) | N613: 0.2 | O613: 1 | P613: 1 | Q613: 0.97012124 | R613: 0.27715296 | S613: 0.99998352 | T613: 0.98762647 | U613: 0.42909542 | V613: 0.57611705 | W613: 0.78274306 | X613: 0.76684983
A614: 2109908 | B614: Santa Inês | C614: MA | D614: REGIÃO NORDESTE | E614: =SUMPRODUCT(N614:Q614,PAINEL_PESOS!$C$16:$C$19) | F614: =SUMPRODUCT(R614:T614,PAINEL_PESOS!$C$21:$C$23) | G614: =SUMPRODUCT(U614:V614,PAINEL_PESOS!$C$25:$C$26) | H614: =SUMPRODUCT(W614:X614,PAINEL_PESOS!$C$28:$C$29) | I614: 0.94388749 | J614: 0.56327745 | K614: =IF(NOT(AND(PAINEL_PESOS!$D$12="OK - 100%",PAINEL_PESOS!$F$20="OK - 100%",PAINEL_PESOS!$F$24="OK - 100%",PAINEL_PESOS!$F$27="OK - 100%",PAINEL_PESOS!$F$30="OK - 100%")),"", (E614*PAINEL_PESOS!$B$7+F614*PAINEL_PESOS!$B$8+G614*PAINEL_PESOS!$B$9+H614*PAINEL_PESOS!$B$10)*I614) | L614: =IF(K614="","",K614-J614) | M614: =IF(L614="","",ABS(L614)) | N614: 0.2 | O614: 0.8952 | P614: 0.36504752 | Q614: 0.6538264 | R614: 0.40244306 | S614: 0.99680804 | T614: 0.9564429 | U614: 0.26009658 | V614: 0.58293859 | W614: 0.53160723 | X614: 0.77196471
A615: 2110005 | B615: Santa Luzia | C615: MA | D615: REGIÃO NORDESTE | E615: =SUMPRODUCT(N615:Q615,PAINEL_PESOS!$C$16:$C$19) | F615: =SUMPRODUCT(R615:T615,PAINEL_PESOS!$C$21:$C$23) | G615: =SUMPRODUCT(U615:V615,PAINEL_PESOS!$C$25:$C$26) | H615: =SUMPRODUCT(W615:X615,PAINEL_PESOS!$C$28:$C$29) | I615: 0.99147884 | J615: 0.68287826 | K615: =IF(NOT(AND(PAINEL_PESOS!$D$12="OK - 100%",PAINEL_PESOS!$F$20="OK - 100%",PAINEL_PESOS!$F$24="OK - 100%",PAINEL_PESOS!$F$27="OK - 100%",PAINEL_PESOS!$F$30="OK - 100%")),"", (E615*PAINEL_PESOS!$B$7+F615*PAINEL_PESOS!$B$8+G615*PAINEL_PESOS!$B$9+H615*PAINEL_PESOS!$B$10)*I615) | L615: =IF(K615="","",K615-J615) | M615: =IF(L615="","",ABS(L615)) | N615: 1 | O615: 0.837 | P615: 0.4030623 | Q615: 0.97803903 | R615: 0.3439678 | S615: 0.99994363 | T615: 0.97207874 | U615: 0.47555704 | V615: 0.58555662 | W615: 0.59657338 | X615: 0.69924635
A616: 2110039 | B616: Santa Luzia do Paruá | C616: MA | D616: REGIÃO NORDESTE | E616: =SUMPRODUCT(N616:Q616,PAINEL_PESOS!$C$16:$C$19) | F616: =SUMPRODUCT(R616:T616,PAINEL_PESOS!$C$21:$C$23) | G616: =SUMPRODUCT(U616:V616,PAINEL_PESOS!$C$25:$C$26) | H616: =SUMPRODUCT(W616:X616,PAINEL_PESOS!$C$28:$C$29) | I616: 0.97618904 | J616: 0.66017584 | K616: =IF(NOT(AND(PAINEL_PESOS!$D$12="OK - 100%",PAINEL_PESOS!$F$20="OK - 100%",PAINEL_PESOS!$F$24="OK - 100%",PAINEL_PESOS!$F$27="OK - 100%",PAINEL_PESOS!$F$30="OK - 100%")),"", (E616*PAINEL_PESOS!$B$7+F616*PAINEL_PESOS!$B$8+G616*PAINEL_PESOS!$B$9+H616*PAINEL_PESOS!$B$10)*I616) | L616: =IF(K616="","",K616-J616) | M616: =IF(L616="","",ABS(L616)) | N616: 0.2 | O616: 0.9211 | P616: 0.75385428 | Q616: 0.93223123 | R616: 0.25513741 | S616: 0.99998024 | T616: 0.92235418 | U616: 0.26848039 | V616: 0.57633679 | W616: 0.8904561 | X616: 0.81971551
A617: 2110104 | B617: Santa Quitéria do Maranhão | C617: MA | D617: REGIÃO NORDESTE | E617: =SUMPRODUCT(N617:Q617,PAINEL_PESOS!$C$16:$C$19) | F617: =SUMPRODUCT(R617:T617,PAINEL_PESOS!$C$21:$C$23) | G617: =SUMPRODUCT(U617:V617,PAINEL_PESOS!$C$25:$C$26) | H617: =SUMPRODUCT(W617:X617,PAINEL_PESOS!$C$28:$C$29) | I617: 0.99588247 | J617: 0.65706314 | K617: =IF(NOT(AND(PAINEL_PESOS!$D$12="OK - 100%",PAINEL_PESOS!$F$20="OK - 100%",PAINEL_PESOS!$F$24="OK - 100%",PAINEL_PESOS!$F$27="OK - 100%",PAINEL_PESOS!$F$30="OK - 100%")),"", (E617*PAINEL_PESOS!$B$7+F617*PAINEL_PESOS!$B$8+G617*PAINEL_PESOS!$B$9+H617*PAINEL_PESOS!$B$10)*I617) | L617: =IF(K617="","",K617-J617) | M617: =IF(L617="","",ABS(L617)) | N617: 0.4 | O617: 1 | P617: 0.32787751 | Q617: 0.97526656 | R617: 0.25729904 | S617: 0.99998132 | T617: 0.99737649 | U617: 0.73809107 | V617: 0.57199744 | W617: 0.53558179 | X617: 0.5778915
A618: 2110203 | B618: Santa Rita | C618: MA | D618: REGIÃO NORDESTE | E618: =SUMPRODUCT(N618:Q618,PAINEL_PESOS!$C$16:$C$19) | F618: =SUMPRODUCT(R618:T618,PAINEL_PESOS!$C$21:$C$23) | G618: =SUMPRODUCT(U618:V618,PAINEL_PESOS!$C$25:$C$26) | H618: =SUMPRODUCT(W618:X618,PAINEL_PESOS!$C$28:$C$29) | I618: 0.97948329 | J618: 0.65580673 | K618: =IF(NOT(AND(PAINEL_PESOS!$D$12="OK - 100%",PAINEL_PESOS!$F$20="OK - 100%",PAINEL_PESOS!$F$24="OK - 100%",PAINEL_PESOS!$F$27="OK - 100%",PAINEL_PESOS!$F$30="OK - 100%")),"", (E618*PAINEL_PESOS!$B$7+F618*PAINEL_PESOS!$B$8+G618*PAINEL_PESOS!$B$9+H618*PAINEL_PESOS!$B$10)*I618) | L618: =IF(K618="","",K618-J618) | M618: =IF(L618="","",ABS(L618)) | N618: 0.2 | O618: 1 | P618: 0.94350581 | Q618: 0.89163036 | R618: 0.25060996 | S618: 0.99816615 | T618: 0.97332556 | U618: 0.46432731 | V618: 0.58239534 | W618: 0.61546092 | X618: 0.69519578
A619: 2110237 | B619: Santana do Maranhão | C619: MA | D619: REGIÃO NORDESTE | E619: =SUMPRODUCT(N619:Q619,PAINEL_PESOS!$C$16:$C$19) | F619: =SUMPRODUCT(R619:T619,PAINEL_PESOS!$C$21:$C$23) | G619: =SUMPRODUCT(U619:V619,PAINEL_PESOS!$C$25:$C$26) | H619: =SUMPRODUCT(W619:X619,PAINEL_PESOS!$C$28:$C$29) | I619: 0.99642892 | J619: 0.68542685 | K619: =IF(NOT(AND(PAINEL_PESOS!$D$12="OK - 100%",PAINEL_PESOS!$F$20="OK - 100%",PAINEL_PESOS!$F$24="OK - 100%",PAINEL_PESOS!$F$27="OK - 100%",PAINEL_PESOS!$F$30="OK - 100%")),"", (E619*PAINEL_PESOS!$B$7+F619*PAINEL_PESOS!$B$8+G619*PAINEL_PESOS!$B$9+H619*PAINEL_PESOS!$B$10)*I619) | L619: =IF(K619="","",K619-J619) | M619: =IF(L619="","",ABS(L619)) | N619: 0.2 | O619: 1 | P619: 1 | Q619: 0.98206304 | R619: 0.14283706 | S619: 1 | T619: 0.9950448 | U619: 0.82347512 | V619: 0.56966021 | W619: 0.51325195 | X619: 0.58039333
... A634: 2111102 | B634: São João dos Patos | C634: MA | D634: REGIÃO NORDESTE | E634: =SUMPRODUCT(N634:Q634,PAINEL_PESOS!$C$16:$C$19) | F634: =SUMPRODUCT(R634:T634,PAINEL_PESOS!$C$21:$C$23) | G634: =SUMPRODUCT(U634:V634,PAINEL_PESOS!$C$25:$C$26) | H634: =SUMPRODUCT(W634:X634,PAINEL_PESOS!$C$28:$C$29) | I634: 0.99594467 | J634: 0.66168037 | K634: =IF(NOT(AND(PAINEL_PESOS!$D$12="OK - 100%",PAINEL_PESOS!$F$20="OK - 100%",PAINEL_PESOS!$F$24="OK - 100%",PAINEL_PESOS!$F$27="OK - 100%",PAINEL_PESOS!$F$30="OK - 100%")),"", (E634*PAINEL_PESOS!$B$7+F634*PAINEL_PESOS!$B$8+G634*PAINEL_PESOS!$B$9+H634*PAINEL_PESOS!$B$10)*I634) | L634: =IF(K634="","",K634-J634) | M634: =IF(L634="","",ABS(L634)) | N634: 0.8 | O634: 0.8363 | P634: 0.29936642 | Q634: 0.97893698 | R634: 0.26913248 | S634: 0.99961775 | T634: 0.99504921 | U634: 0.81898097 | V634: 0.42333039 | W634: 0.40125752 | X634: 0.70492681
A635: 2111201 | B635: São José de Ribamar | C635: MA | D635: REGIÃO NORDESTE | E635: =SUMPRODUCT(N635:Q635,PAINEL_PESOS!$C$16:$C$19) | F635: =SUMPRODUCT(R635:T635,PAINEL_PESOS!$C$21:$C$23) | G635: =SUMPRODUCT(U635:V635,PAINEL_PESOS!$C$25:$C$26) | H635: =SUMPRODUCT(W635:X635,PAINEL_PESOS!$C$28:$C$29) | I635: 0.86930739 | K635: =IF(NOT(AND(PAINEL_PESOS!$D$12="OK - 100%",PAINEL_PESOS!$F$20="OK - 100%",PAINEL_PESOS!$F$24="OK - 100%",PAINEL_PESOS!$F$27="OK - 100%",PAINEL_PESOS!$F$30="OK - 100%")),"", (E635*PAINEL_PESOS!$B$7+F635*PAINEL_PESOS!$B$8+G635*PAINEL_PESOS!$B$9+H635*PAINEL_PESOS!$B$10)*I635) | L635: =IF(K635="","",K635-J635) | M635: =IF(L635="","",ABS(L635)) | N635: 0.6 | O635: 0.9807 | P635: 0.33379092 | Q635: 0.17738252 | R635: 0.45261637 | S635: 0.86671707 | T635: 0.89529231 | V635: 0.56763055
A636: 2111250 | B636: São José dos Basílios | C636: MA | D636: REGIÃO NORDESTE | E636: =SUMPRODUCT(N636:Q636,PAINEL_PESOS!$C$16:$C$19) | F636: =SUMPRODUCT(R636:T636,PAINEL_PESOS!$C$21:$C$23) | G636: =SUMPRODUCT(U636:V636,PAINEL_PESOS!$C$25:$C$26) | H636: =SUMPRODUCT(W636:X636,PAINEL_PESOS!$C$28:$C$29) | I636: 0.97168715 | J636: 0.61738755 | K636: =IF(NOT(AND(PAINEL_PESOS!$D$12="OK - 100%",PAINEL_PESOS!$F$20="OK - 100%",PAINEL_PESOS!$F$24="OK - 100%",PAINEL_PESOS!$F$27="OK - 100%",PAINEL_PESOS!$F$30="OK - 100%")),"", (E636*PAINEL_PESOS!$B$7+F636*PAINEL_PESOS!$B$8+G636*PAINEL_PESOS!$B$9+H636*PAINEL_PESOS!$B$10)*I636) | L636: =IF(K636="","",K636-J636) | M636: =IF(L636="","",ABS(L636)) | N636: 0.4 | O636: 0.981 | P636: 0.68880676 | Q636: 0.95514589 | R636: 0.10325025 | S636: 1 | T636: 0.88234402 | U636: 0.51316846 | V636: 0.60302718 | W636: 0.41380787 | X636: 0.71680566
A637: 2111300 | B637: São Luís | C637: MA | D637: REGIÃO NORDESTE | E637: =SUMPRODUCT(N637:Q637,PAINEL_PESOS!$C$16:$C$19) | F637: =SUMPRODUCT(R637:T637,PAINEL_PESOS!$C$21:$C$23) | G637: =SUMPRODUCT(U637:V637,PAINEL_PESOS!$C$25:$C$26) | H637: =SUMPRODUCT(W637:X637,PAINEL_PESOS!$C$28:$C$29) | I637: 0.75368634 | J637: 0.47906657 | K637: =IF(NOT(AND(PAINEL_PESOS!$D$12="OK - 100%",PAINEL_PESOS!$F$20="OK - 100%",PAINEL_PESOS!$F$24="OK - 100%",PAINEL_PESOS!$F$27="OK - 100%",PAINEL_PESOS!$F$30="OK - 100%")),"", (E637*PAINEL_PESOS!$B$7+F637*PAINEL_PESOS!$B$8+G637*PAINEL_PESOS!$B$9+H637*PAINEL_PESOS!$B$10)*I637) | L637: =IF(K637="","",K637-J637) | M637: =IF(L637="","",ABS(L637)) | N637: 0.4 | O637: 0.9905 | P637: 0.32650475 | Q637: 0 | R637: 0.69713086 | S637: 0.51671013 | T637: 0.94285083 | U637: 0.69697502 | V637: 0.54945406 | W637: 0.6957361 | X637: 0.8465877
A638: 2111409 | B638: São Luís Gonzaga do Maranhão | C638: MA | D638: REGIÃO NORDESTE | E638: =SUMPRODUCT(N638:Q638,PAINEL_PESOS!$C$16:$C$19) | F638: =SUMPRODUCT(R638:T638,PAINEL_PESOS!$C$21:$C$23) | G638: =SUMPRODUCT(U638:V638,PAINEL_PESOS!$C$25:$C$26) | H638: =SUMPRODUCT(W638:X638,PAINEL_PESOS!$C$28:$C$29) | I638: 0.99338622 | J638: 0.60380414 | K638: =IF(NOT(AND(PAINEL_PESOS!$D$12="OK - 100%",PAINEL_PESOS!$F$20="OK - 100%",PAINEL_PESOS!$F$24="OK - 100%",PAINEL_PESOS!$F$27="OK - 100%",PAINEL_PESOS!$F$30="OK - 100%")),"", (E638*PAINEL_PESOS!$B$7+F638*PAINEL_PESOS!$B$8+G638*PAINEL_PESOS!$B$9+H638*PAINEL_PESOS!$B$10)*I638) | L638: =IF(K638="","",K638-J638) | M638: =IF(L638="","",ABS(L638)) | N638: 0.2 | O638: 0.5556 | P638: 0.64751848 | Q638: 0.9795734 | R638: 0.19339465 | S638: 1 | T638: 0.98095217 | U638: 0.40651821 | V638: 0.5857794 | W638: 0.52546573 | X638: 0.70391939
A639: 2111508 | B639: São Mateus do Maranhão | C639: MA | D639: REGIÃO NORDESTE | E639: =SUMPRODUCT(N639:Q639,PAINEL_PESOS!$C$16:$C$19) | F639: =SUMPRODUCT(R639:T639,PAINEL_PESOS!$C$21:$C$23) | G639: =SUMPRODUCT(U639:V639,PAINEL_PESOS!$C$25:$C$26) | H639: =SUMPRODUCT(W639:X639,PAINEL_PESOS!$C$28:$C$29) | I639: 0.97618805 | J639: 0.55709496 | K639: =IF(NOT(AND(PAINEL_PESOS!$D$12="OK - 100%",PAINEL_PESOS!$F$20="OK - 100%",PAINEL_PESOS!$F$24="OK - 100%",PAINEL_PESOS!$F$27="OK - 100%",PAINEL_PESOS!$F$30="OK - 100%")),"", (E639*PAINEL_PESOS!$B$7+F639*PAINEL_PESOS!$B$8+G639*PAINEL_PESOS!$B$9+H639*PAINEL_PESOS!$B$10)*I639) | L639: =IF(K639="","",K639-J639) | M639: =IF(L639="","",ABS(L639)) | N639: 0.2 | O639: 0.7132 | P639: 0.1219641 | Q639: 0.90882731 | R639: 0.29521586 | S639: 0.99974868 | T639: 0.93962899 | U639: 0.33456707 | V639: 0.58282276 | W639: 0.4939376 | X639: 0.69242034
A640: 2111532 | B640: São Pedro da Água Branca | C640: MA | D640: REGIÃO NORDESTE | E640: =SUMPRODUCT(N640:Q640,PAINEL_PESOS!$C$16:$C$19) | F640: =SUMPRODUCT(R640:T640,PAINEL_PESOS!$C$21:$C$23) | G640: =SUMPRODUCT(U640:V640,PAINEL_PESOS!$C$25:$C$26) | H640: =SUMPRODUCT(W640:X640,PAINEL_PESOS!$C$28:$C$29) | I640: 0.998758 | J640: 0.63901298 | K640: =IF(NOT(AND(PAINEL_PESOS!$D$12="OK - 100%",PAINEL_PESOS!$F$20="OK - 100%",PAINEL_PESOS!$F$24="OK - 100%",PAINEL_PESOS!$F$27="OK - 100%",PAINEL_PESOS!$F$30="OK - 100%")),"", (E640*PAINEL_PESOS!$B$7+F640*PAINEL_PESOS!$B$8+G640*PAINEL_PESOS!$B$9+H640*PAINEL_PESOS!$B$10)*I640) | L640: =IF(K640="","",K640-J640) | M640: =IF(L640="","",ABS(L640)) | N640: 0.4 | O640: 1 | P640: 0.20527983 | Q640: 0.99445242 | R640: 0.16677469 | S640: 0.99994872 | T640: 0.99780819 | U640: 0.26911116 | V640: 0.5751041 | W640: 0.6927052 | X640: 0.83865334
A641: 2111573 | B641: São Pedro dos Crentes | C641: MA | D641: REGIÃO NORDESTE | E641: =SUMPRODUCT(N641:Q641,PAINEL_PESOS!$C$16:$C$19) | F641: =SUMPRODUCT(R641:T641,PAINEL_PESOS!$C$21:$C$23) | G641: =SUMPRODUCT(U641:V641,PAINEL_PESOS!$C$25:$C$26) | H641: =SUMPRODUCT(W641:X641,PAINEL_PESOS!$C$28:$C$29) | I641: 0.99886584 | J641: 0.69760427 | K641: =IF(NOT(AND(PAINEL_PESOS!$D$12="OK - 100%",PAINEL_PESOS!$F$20="OK - 100%",PAINEL_PESOS!$F$24="OK - 100%",PAINEL_PESOS!$F$27="OK - 100%",PAINEL_PESOS!$F$30="OK - 100%")),"", (E641*PAINEL_PESOS!$B$7+F641*PAINEL_PESOS!$B$8+G641*PAINEL_PESOS!$B$9+H641*PAINEL_PESOS!$B$10)*I641) | L641: =IF(K641="","",K641-J641) | M641: =IF(L641="","",ABS(L641)) | N641: 0.2 | O641: 1 | P641: 1 | Q641: 0.99823888 | R641: 0.13272286 | S641: 1 | T641: 0.99551218 | U641: 0.62429348 | V641: 0.56321865 | W641: 0.58600382 | X641: 0.79571213
A642: 2111607 | B642: São Raimundo das Mangabeiras | C642: MA | D642: REGIÃO NORDESTE | E642: =SUMPRODUCT(N642:Q642,PAINEL_PESOS!$C$16:$C$19) | F642: =SUMPRODUCT(R642:T642,PAINEL_PESOS!$C$21:$C$23) | G642: =SUMPRODUCT(U642:V642,PAINEL_PESOS!$C$25:$C$26) | H642: =SUMPRODUCT(W642:X642,PAINEL_PESOS!$C$28:$C$29) | I642: 0.98583047 | J642: 0.70626949 | K642: =IF(NOT(AND(PAINEL_PESOS!$D$12="OK - 100%",PAINEL_PESOS!$F$20="OK - 100%",PAINEL_PESOS!$F$24="OK - 100%",PAINEL_PESOS!$F$27="OK - 100%",PAINEL_PESOS!$F$30="OK - 100%")),"", (E642*PAINEL_PESOS!$B$7+F642*PAINEL_PESOS!$B$8+G642*PAINEL_PESOS!$B$9+H642*PAINEL_PESOS!$B$10)*I642) | L642: =IF(K642="","",K642-J642) | M642: =IF(L642="","",ABS(L642)) | N642: 0.4 | O642: 0.9957 | P642: 0.81066526 | Q642: 0.99854593 | R642: 0.35340448 | S642: 0.9927399 | T642: 0.93136705 | U642: 0.70490344 | V642: 0.5098983 | W642: 0.61470856 | X642: 0.78105981
A643: 2111631 | B643: São Raimundo do Doca Bezerra | C643: MA | D643: REGIÃO NORDESTE | E643: =SUMPRODUCT(N643:Q643,PAINEL_PESOS!$C$16:$C$19) | F643: =SUMPRODUCT(R643:T643,PAINEL_PESOS!$C$21:$C$23) | G643: =SUMPRODUCT(U643:V643,PAINEL_PESOS!$C$25:$C$26) | H643: =SUMPRODUCT(W643:X643,PAINEL_PESOS!$C$28:$C$29) | I643: 0.99823597 | J643: 0.66184471 | K643: =IF(NOT(AND(PAINEL_PESOS!$D$12="OK - 100%",PAINEL_PESOS!$F$20="OK - 100%",PAINEL_PESOS!$F$24="OK - 100%",PAINEL_PESOS!$F$27="OK - 100%",PAINEL_PESOS!$F$30="OK - 100%")),"", (E643*PAINEL_PESOS!$B$7+F643*PAINEL_PESOS!$B$8+G643*PAINEL_PESOS!$B$9+H643*PAINEL_PESOS!$B$10)*I643) | L643: =IF(K643="","",K643-J643) | M643: =IF(L643="","",ABS(L643)) | N643: 0.2 | O643: 1 | P643: 1 | Q643: 0.99286308 | R643: 0.085148041 | S643: 1 | T643: 0.99628764 | U643: 0.57335037 | V643: 0.60500076 | W643: 0.43266087 | X643: 0.70904699
A644: 2111672 | B644: São Roberto | C644: MA | D644: REGIÃO NORDESTE | E644: =SUMPRODUCT(N644:Q644,PAINEL_PESOS!$C$16:$C$19) | F644: =SUMPRODUCT(R644:T644,PAINEL_PESOS!$C$21:$C$23) | G644: =SUMPRODUCT(U644:V644,PAINEL_PESOS!$C$25:$C$26) | H644: =SUMPRODUCT(W644:X644,PAINEL_PESOS!$C$28:$C$29) | I644: 0.99587452 | J644: 0.66904257 | K644: =IF(NOT(AND(PAINEL_PESOS!$D$12="OK - 100%",PAINEL_PESOS!$F$20="OK - 100%",PAINEL_PESOS!$F$24="OK - 100%",PAINEL_PESOS!$F$27="OK - 100%",PAINEL_PESOS!$F$30="OK - 100%")),"", (E644*PAINEL_PESOS!$B$7+F644*PAINEL_PESOS!$B$8+G644*PAINEL_PESOS!$B$9+H644*PAINEL_PESOS!$B$10)*I644) | L644: =IF(K644="","",K644-J644) | M644: =IF(L644="","",ABS(L644)) | N644: 0.2 | O644: 1 | P644: 1 | Q644: 0.97977172 | R644: 0.07880544 | S644: 1 | T644: 0.99387757 | U644: 0.62428163 | V644: 0.60482982 | W644: 0.4639783 | X644: 0.70974872
A645: 2111706 | B645: São Vicente Ferrer | C645: MA | D645: REGIÃO NORDESTE | E645: =SUMPRODUCT(N645:Q645,PAINEL_PESOS!$C$16:$C$19) | F645: =SUMPRODUCT(R645:T645,PAINEL_PESOS!$C$21:$C$23) | G645: =SUMPRODUCT(U645:V645,PAINEL_PESOS!$C$25:$C$26) | H645: =SUMPRODUCT(W645:X645,PAINEL_PESOS!$C$28:$C$29) | I645: 0.97876841 | J645: 0.59354725 | K645: =IF(NOT(AND(PAINEL_PESOS!$D$12="OK - 100%",PAINEL_PESOS!$F$20="OK - 100%",PAINEL_PESOS!$F$24="OK - 100%",PAINEL_PESOS!$F$27="OK - 100%",PAINEL_PESOS!$F$30="OK - 100%")),"", (E645*PAINEL_PESOS!$B$7+F645*PAINEL_PESOS!$B$8+G645*PAINEL_PESOS!$B$9+H645*PAINEL_PESOS!$B$10)*I645) | L645: =IF(K645="","",K645-J645) | M645: =IF(L645="","",ABS(L645)) | N645: 0.2 | O645: 0.5682 | P645: 0.24466737 | Q645: 0.87047062 | R645: 0.18622452 | S645: 1 | T645: 0.98606499 | U645: 0.46319336 | V645: 0.575823 | W645: 0.70785104 | X645: 0.71465114
A646: 2111722 | B646: Satubinha | C646: MA | D646: REGIÃO NORDESTE | E646: =SUMPRODUCT(N646:Q646,PAINEL_PESOS!$C$16:$C$19) | F646: =SUMPRODUCT(R646:T646,PAINEL_PESOS!$C$21:$C$23) | G646: =SUMPRODUCT(U646:V646,PAINEL_PESOS!$C$25:$C$26) | H646: =SUMPRODUCT(W646:X646,PAINEL_PESOS!$C$28:$C$29) | I646: 0.98443329 | J646: 0.55134273 | K646: =IF(NOT(AND(PAINEL_PESOS!$D$12="OK - 100%",PAINEL_PESOS!$F$20="OK - 100%",PAINEL_PESOS!$F$24="OK - 100%",PAINEL_PESOS!$F$27="OK - 100%",PAINEL_PESOS!$F$30="OK - 100%")),"", (E646*PAINEL_PESOS!$B$7+F646*PAINEL_PESOS!$B$8+G646*PAINEL_PESOS!$B$9+H646*PAINEL_PESOS!$B$10)*I646) | L646: =IF(K646="","",K646-J646) | M646: =IF(L646="","",ABS(L646)) | N646: 0.2 | O646: 0.5429 | P646: 0.27898627 | Q646: 0.93068637 | R646: 0.13626284 | S646: 1 | T646: 0.96951071 | U646: 0.22578101 | V646: 0.58303728 | W646: 0.51129287 | X646: 0.78024179
A647: 2111748 | B647: Senador Alexandre Costa | C647: MA | D647: REGIÃO NORDESTE | E647: =SUMPRODUCT(N647:Q647,PAINEL_PESOS!$C$16:$C$19) | F647: =SUMPRODUCT(R647:T647,PAINEL_PESOS!$C$21:$C$23) | G647: =SUMPRODUCT(U647:V647,PAINEL_PESOS!$C$25:$C$26) | H647: =SUMPRODUCT(W647:X647,PAINEL_PESOS!$C$28:$C$29) | I647: 0.99387688 | J647: 0.69057943 | K647: =IF(NOT(AND(PAINEL_PESOS!$D$12="OK - 100%",PAINEL_PESOS!$F$20="OK - 100%",PAINEL_PESOS!$F$24="OK - 100%",PAINEL_PESOS!$F$27="OK - 100%",PAINEL_PESOS!$F$30="OK - 100%")),"", (E647*PAINEL_PESOS!$B$7+F647*PAINEL_PESOS!$B$8+G647*PAINEL_PESOS!$B$9+H647*PAINEL_PESOS!$B$10)*I647) | L647: =IF(K647="","",K647-J647) | M647: =IF(L647="","",ABS(L647)) | N647: 0.6 | O647: 0.9444 | P647: 1 | Q647: 0.97385153 | R647: 0.16420315 | S647: 1 | T647: 0.98783274 | U647: 0.6273555 | V647: 0.62833786 | W647: 0.42866242 | X647: 0.6804998
... A1526: 2605400 | B1526: Feira Nova | C1526: PE | D1526: REGIÃO NORDESTE | E1526: =SUMPRODUCT(N1526:Q1526,PAINEL_PESOS!$C$16:$C$19) | F1526: =SUMPRODUCT(R1526:T1526,PAINEL_PESOS!$C$21:$C$23) | G1526: =SUMPRODUCT(U1526:V1526,PAINEL_PESOS!$C$25:$C$26) | H1526: =SUMPRODUCT(W1526:X1526,PAINEL_PESOS!$C$28:$C$29) | I1526: 0.98635293 | J1526: 0.66778129 | K1526: =IF(NOT(AND(PAINEL_PESOS!$D$12="OK - 100%",PAINEL_PESOS!$F$20="OK - 100%",PAINEL_PESOS!$F$24="OK - 100%",PAINEL_PESOS!$F$27="OK - 100%",PAINEL_PESOS!$F$30="OK - 100%")),"", (E1526*PAINEL_PESOS!$B$7+F1526*PAINEL_PESOS!$B$8+G1526*PAINEL_PESOS!$B$9+H1526*PAINEL_PESOS!$B$10)*I1526) | L1526: =IF(K1526="","",K1526-J1526) | M1526: =IF(L1526="","",ABS(L1526)) | N1526: 1 | O1526: 0.9976 | P1526: 0.60781415 | Q1526: 0.92659494 | R1526: 0.22393424 | S1526: 0.98546904 | T1526: 0.98980244 | U1526: 0.44332229 | V1526: 0.51537677 | W1526: 0.66528862 | X1526: 0.56003572
A1527: 2605459 | B1527: Fernando de Noronha | C1527: PE | D1527: REGIÃO NORDESTE | E1527: =SUMPRODUCT(N1527:Q1527,PAINEL_PESOS!$C$16:$C$19) | F1527: =SUMPRODUCT(R1527:T1527,PAINEL_PESOS!$C$21:$C$23) | G1527: =SUMPRODUCT(U1527:V1527,PAINEL_PESOS!$C$25:$C$26) | H1527: =SUMPRODUCT(W1527:X1527,PAINEL_PESOS!$C$28:$C$29) | I1527: 0.91456531 | K1527: =IF(NOT(AND(PAINEL_PESOS!$D$12="OK - 100%",PAINEL_PESOS!$F$20="OK - 100%",PAINEL_PESOS!$F$24="OK - 100%",PAINEL_PESOS!$F$27="OK - 100%",PAINEL_PESOS!$F$30="OK - 100%")),"", (E1527*PAINEL_PESOS!$B$7+F1527*PAINEL_PESOS!$B$8+G1527*PAINEL_PESOS!$B$9+H1527*PAINEL_PESOS!$B$10)*I1527) | L1527: =IF(K1527="","",K1527-J1527) | M1527: =IF(L1527="","",ABS(L1527)) | N1527: 1 | O1527: 1 | P1527: 0.75364308 | Q1527: 0.44420226 | R1527: 0.23378915 | S1527: 0.9150248 | T1527: 0.99156165 | V1527: 0.38119399
A1528: 2605509 | B1528: Ferreiros | C1528: PE | D1528: REGIÃO NORDESTE | E1528: =SUMPRODUCT(N1528:Q1528,PAINEL_PESOS!$C$16:$C$19) | F1528: =SUMPRODUCT(R1528:T1528,PAINEL_PESOS!$C$21:$C$23) | G1528: =SUMPRODUCT(U1528:V1528,PAINEL_PESOS!$C$25:$C$26) | H1528: =SUMPRODUCT(W1528:X1528,PAINEL_PESOS!$C$28:$C$29) | I1528: 0.86541337 | J1528: 0.48919169 | K1528: =IF(NOT(AND(PAINEL_PESOS!$D$12="OK - 100%",PAINEL_PESOS!$F$20="OK - 100%",PAINEL_PESOS!$F$24="OK - 100%",PAINEL_PESOS!$F$27="OK - 100%",PAINEL_PESOS!$F$30="OK - 100%")),"", (E1528*PAINEL_PESOS!$B$7+F1528*PAINEL_PESOS!$B$8+G1528*PAINEL_PESOS!$B$9+H1528*PAINEL_PESOS!$B$10)*I1528) | L1528: =IF(K1528="","",K1528-J1528) | M1528: =IF(L1528="","",ABS(L1528)) | N1528: 1 | O1528: 0.9907 | P1528: 0.45871172 | Q1528: 0.49860189 | R1528: 0.17971185 | S1528: 0.97741204 | T1528: 0.48930646 | U1528: 0.22551848 | V1528: 0.31999009 | W1528: 0.75532635 | X1528: 0.6496932
A1529: 2605608 | B1529: Flores | C1529: PE | D1529: REGIÃO NORDESTE | E1529: =SUMPRODUCT(N1529:Q1529,PAINEL_PESOS!$C$16:$C$19) | F1529: =SUMPRODUCT(R1529:T1529,PAINEL_PESOS!$C$21:$C$23) | G1529: =SUMPRODUCT(U1529:V1529,PAINEL_PESOS!$C$25:$C$26) | H1529: =SUMPRODUCT(W1529:X1529,PAINEL_PESOS!$C$28:$C$29) | I1529: 0.99175435 | J1529: 0.6822761 | K1529: =IF(NOT(AND(PAINEL_PESOS!$D$12="OK - 100%",PAINEL_PESOS!$F$20="OK - 100%",PAINEL_PESOS!$F$24="OK - 100%",PAINEL_PESOS!$F$27="OK - 100%",PAINEL_PESOS!$F$30="OK - 100%")),"", (E1529*PAINEL_PESOS!$B$7+F1529*PAINEL_PESOS!$B$8+G1529*PAINEL_PESOS!$B$9+H1529*PAINEL_PESOS!$B$10)*I1529) | L1529: =IF(K1529="","",K1529-J1529) | M1529: =IF(L1529="","",ABS(L1529)) | N1529: 1 | O1529: 1 | P1529: 0.68511088 | Q1529: 0.95878087 | R1529: 0.21350436 | S1529: 0.99959642 | T1529: 0.98827114 | U1529: 0.73726362 | V1529: 0.4676923 | W1529: 0.58363032 | X1529: 0.42547609
A1530: 2605707 | B1530: Floresta | C1530: PE | D1530: REGIÃO NORDESTE | E1530: =SUMPRODUCT(N1530:Q1530,PAINEL_PESOS!$C$16:$C$19) | F1530: =SUMPRODUCT(R1530:T1530,PAINEL_PESOS!$C$21:$C$23) | G1530: =SUMPRODUCT(U1530:V1530,PAINEL_PESOS!$C$25:$C$26) | H1530: =SUMPRODUCT(W1530:X1530,PAINEL_PESOS!$C$28:$C$29) | I1530: 0.99157378 | J1530: 0.68932529 | K1530: =IF(NOT(AND(PAINEL_PESOS!$D$12="OK - 100%",PAINEL_PESOS!$F$20="OK - 100%",PAINEL_PESOS!$F$24="OK - 100%",PAINEL_PESOS!$F$27="OK - 100%",PAINEL_PESOS!$F$30="OK - 100%")),"", (E1530*PAINEL_PESOS!$B$7+F1530*PAINEL_PESOS!$B$8+G1530*PAINEL_PESOS!$B$9+H1530*PAINEL_PESOS!$B$10)*I1530) | L1530: =IF(K1530="","",K1530-J1530) | M1530: =IF(L1530="","",ABS(L1530)) | N1530: 1 | O1530: 1 | P1530: 0.60654699 | Q1530: 0.99113431 | R1530: 0.29468787 | S1530: 0.99805777 | T1530: 0.96393681 | U1530: 0.67729086 | V1530: 0.5485768 | W1530: 0.59111017 | X1530: 0.44119098
A1531: 2605806 | B1531: Frei Miguelinho | C1531: PE | D1531: REGIÃO NORDESTE | E1531: =SUMPRODUCT(N1531:Q1531,PAINEL_PESOS!$C$16:$C$19) | F1531: =SUMPRODUCT(R1531:T1531,PAINEL_PESOS!$C$21:$C$23) | G1531: =SUMPRODUCT(U1531:V1531,PAINEL_PESOS!$C$25:$C$26) | H1531: =SUMPRODUCT(W1531:X1531,PAINEL_PESOS!$C$28:$C$29) | I1531: 0.99577779 | J1531: 0.6545067 | K1531: =IF(NOT(AND(PAINEL_PESOS!$D$12="OK - 100%",PAINEL_PESOS!$F$20="OK - 100%",PAINEL_PESOS!$F$24="OK - 100%",PAINEL_PESOS!$F$27="OK - 100%",PAINEL_PESOS!$F$30="OK - 100%")),"", (E1531*PAINEL_PESOS!$B$7+F1531*PAINEL_PESOS!$B$8+G1531*PAINEL_PESOS!$B$9+H1531*PAINEL_PESOS!$B$10)*I1531) | L1531: =IF(K1531="","",K1531-J1531) | M1531: =IF(L1531="","",ABS(L1531)) | N1531: 1 | O1531: 1 | P1531: 0.84572334 | Q1531: 0.98040608 | R1531: 0.16844024 | S1531: 0.99972442 | T1531: 0.9930067 | U1531: 0.44332229 | V1531: 0.23576281 | W1531: 0.66528862 | X1531: 0.56003572
A1532: 2605905 | B1532: Gameleira | C1532: PE | D1532: REGIÃO NORDESTE | E1532: =SUMPRODUCT(N1532:Q1532,PAINEL_PESOS!$C$16:$C$19) | F1532: =SUMPRODUCT(R1532:T1532,PAINEL_PESOS!$C$21:$C$23) | G1532: =SUMPRODUCT(U1532:V1532,PAINEL_PESOS!$C$25:$C$26) | H1532: =SUMPRODUCT(W1532:X1532,PAINEL_PESOS!$C$28:$C$29) | I1532: 0.98821708 | J1532: 0.60913935 | K1532: =IF(NOT(AND(PAINEL_PESOS!$D$12="OK - 100%",PAINEL_PESOS!$F$20="OK - 100%",PAINEL_PESOS!$F$24="OK - 100%",PAINEL_PESOS!$F$27="OK - 100%",PAINEL_PESOS!$F$30="OK - 100%")),"", (E1532*PAINEL_PESOS!$B$7+F1532*PAINEL_PESOS!$B$8+G1532*PAINEL_PESOS!$B$9+H1532*PAINEL_PESOS!$B$10)*I1532) | L1532: =IF(K1532="","",K1532-J1532) | M1532: =IF(L1532="","",ABS(L1532)) | N1532: 0.8 | O1532: 1 | P1532: 0.58912355 | Q1532: 0.96039212 | R1532: 0.21445691 | S1532: 0.99988924 | T1532: 0.96774849 | U1532: 0.2956646 | V1532: 0.18218428 | W1532: 0.70226985 | X1532: 0.62161261
A1533: 2606002 | B1533: Garanhuns | C1533: PE | D1533: REGIÃO NORDESTE | E1533: =SUMPRODUCT(N1533:Q1533,PAINEL_PESOS!$C$16:$C$19) | F1533: =SUMPRODUCT(R1533:T1533,PAINEL_PESOS!$C$21:$C$23) | G1533: =SUMPRODUCT(U1533:V1533,PAINEL_PESOS!$C$25:$C$26) | H1533: =SUMPRODUCT(W1533:X1533,PAINEL_PESOS!$C$28:$C$29) | I1533: 0.87632685 | J1533: 0.50237427 | K1533: =IF(NOT(AND(PAINEL_PESOS!$D$12="OK - 100%",PAINEL_PESOS!$F$20="OK - 100%",PAINEL_PESOS!$F$24="OK - 100%",PAINEL_PESOS!$F$27="OK - 100%",PAINEL_PESOS!$F$30="OK - 100%")),"", (E1533*PAINEL_PESOS!$B$7+F1533*PAINEL_PESOS!$B$8+G1533*PAINEL_PESOS!$B$9+H1533*PAINEL_PESOS!$B$10)*I1533) | L1533: =IF(K1533="","",K1533-J1533) | M1533: =IF(L1533="","",ABS(L1533)) | N1533: 1 | O1533: 0.993 | P1533: 0.50443506 | Q1533: 0.26862404 | R1533: 0.47151408 | S1533: 0.6825754 | T1533: 0.90938439 | U1533: 0.20036129 | V1533: 0.29100949 | W1533: 0.64435935 | X1533: 0.69177272
A1534: 2606101 | B1534: Glória do Goitá | C1534: PE | D1534: REGIÃO NORDESTE | E1534: =SUMPRODUCT(N1534:Q1534,PAINEL_PESOS!$C$16:$C$19) | F1534: =SUMPRODUCT(R1534:T1534,PAINEL_PESOS!$C$21:$C$23) | G1534: =SUMPRODUCT(U1534:V1534,PAINEL_PESOS!$C$25:$C$26) | H1534: =SUMPRODUCT(W1534:X1534,PAINEL_PESOS!$C$28:$C$29) | I1534: 0.99150446 | J1534: 0.6654222 | K1534: =IF(NOT(AND(PAINEL_PESOS!$D$12="OK - 100%",PAINEL_PESOS!$F$20="OK - 100%",PAINEL_PESOS!$F$24="OK - 100%",PAINEL_PESOS!$F$27="OK - 100%",PAINEL_PESOS!$F$30="OK - 100%")),"", (E1534*PAINEL_PESOS!$B$7+F1534*PAINEL_PESOS!$B$8+G1534*PAINEL_PESOS!$B$9+H1534*PAINEL_PESOS!$B$10)*I1534) | L1534: =IF(K1534="","",K1534-J1534) | M1534: =IF(L1534="","",ABS(L1534)) | N1534: 1 | O1534: 0.9972 | P1534: 0.52998944 | Q1534: 0.95846971 | R1534: 0.30134525 | S1534: 0.99386343 | T1534: 0.98954497 | U1534: 0.44332229 | V1534: 0.43434483 | W1534: 0.66528862 | X1534: 0.56003572
A1535: 2606200 | B1535: Goiana | C1535: PE | D1535: REGIÃO NORDESTE | E1535: =SUMPRODUCT(N1535:Q1535,PAINEL_PESOS!$C$16:$C$19) | F1535: =SUMPRODUCT(R1535:T1535,PAINEL_PESOS!$C$21:$C$23) | G1535: =SUMPRODUCT(U1535:V1535,PAINEL_PESOS!$C$25:$C$26) | H1535: =SUMPRODUCT(W1535:X1535,PAINEL_PESOS!$C$28:$C$29) | I1535: 0.88802541 | J1535: 0.49789268 | K1535: =IF(NOT(AND(PAINEL_PESOS!$D$12="OK - 100%",PAINEL_PESOS!$F$20="OK - 100%",PAINEL_PESOS!$F$24="OK - 100%",PAINEL_PESOS!$F$27="OK - 100%",PAINEL_PESOS!$F$30="OK - 100%")),"", (E1535*PAINEL_PESOS!$B$7+F1535*PAINEL_PESOS!$B$8+G1535*PAINEL_PESOS!$B$9+H1535*PAINEL_PESOS!$B$10)*I1535) | L1535: =IF(K1535="","",K1535-J1535) | M1535: =IF(L1535="","",ABS(L1535)) | N1535: 0.4 | O1535: 0.9801 | P1535: 0.52449842 | Q1535: 0.77037085 | R1535: 0.59239269 | S1535: 0.38368833 | T1535: 0.66092764 | U1535: 0.22551848 | V1535: 0.4260295 | W1535: 0.75532635 | X1535: 0.6496932
A1536: 2606309 | B1536: Granito | C1536: PE | D1536: REGIÃO NORDESTE | E1536: =SUMPRODUCT(N1536:Q1536,PAINEL_PESOS!$C$16:$C$19) | F1536: =SUMPRODUCT(R1536:T1536,PAINEL_PESOS!$C$21:$C$23) | G1536: =SUMPRODUCT(U1536:V1536,PAINEL_PESOS!$C$25:$C$26) | H1536: =SUMPRODUCT(W1536:X1536,PAINEL_PESOS!$C$28:$C$29) | I1536: 0.99535744 | J1536: 0.62627837 | K1536: =IF(NOT(AND(PAINEL_PESOS!$D$12="OK - 100%",PAINEL_PESOS!$F$20="OK - 100%",PAINEL_PESOS!$F$24="OK - 100%",PAINEL_PESOS!$F$27="OK - 100%",PAINEL_PESOS!$F$30="OK - 100%")),"", (E1536*PAINEL_PESOS!$B$7+F1536*PAINEL_PESOS!$B$8+G1536*PAINEL_PESOS!$B$9+H1536*PAINEL_PESOS!$B$10)*I1536) | L1536: =IF(K1536="","",K1536-J1536) | M1536: =IF(L1536="","",ABS(L1536)) | N1536: 1 | O1536: 1 | P1536: 0.65575502 | Q1536: 0.98922574 | R1536: 0.12032307 | S1536: 1 | T1536: 0.98410323 | U1536: 0.60798413 | V1536: 0.28821008 | W1536: 0.50418011 | X1536: 0.40778021
A1537: 2606408 | B1537: Gravatá | C1537: PE | D1537: REGIÃO NORDESTE | E1537: =SUMPRODUCT(N1537:Q1537,PAINEL_PESOS!$C$16:$C$19) | F1537: =SUMPRODUCT(R1537:T1537,PAINEL_PESOS!$C$21:$C$23) | G1537: =SUMPRODUCT(U1537:V1537,PAINEL_PESOS!$C$25:$C$26) | H1537: =SUMPRODUCT(W1537:X1537,PAINEL_PESOS!$C$28:$C$29) | I1537: 0.94223582 | J1537: 0.5834864 | K1537: =IF(NOT(AND(PAINEL_PESOS!$D$12="OK - 100%",PAINEL_PESOS!$F$20="OK - 100%",PAINEL_PESOS!$F$24="OK - 100%",PAINEL_PESOS!$F$27="OK - 100%",PAINEL_PESOS!$F$30="OK - 100%")),"", (E1537*PAINEL_PESOS!$B$7+F1537*PAINEL_PESOS!$B$8+G1537*PAINEL_PESOS!$B$9+H1537*PAINEL_PESOS!$B$10)*I1537) | L1537: =IF(K1537="","",K1537-J1537) | M1537: =IF(L1537="","",ABS(L1537)) | N1537: 1 | O1537: 1 | P1537: 0.54561774 | Q1537: 0.9426243 | R1537: 0.39163089 | S1537: 0.9947944 | T1537: 0.73241731 | U1537: 0.3729425 | V1537: 0.15000501 | W1537: 0.68467627 | X1537: 0.58975178
A1538: 2606507 | B1538: Iati | C1538: PE | D1538: REGIÃO NORDESTE | E1538: =SUMPRODUCT(N1538:Q1538,PAINEL_PESOS!$C$16:$C$19) | F1538: =SUMPRODUCT(R1538:T1538,PAINEL_PESOS!$C$21:$C$23) | G1538: =SUMPRODUCT(U1538:V1538,PAINEL_PESOS!$C$25:$C$26) | H1538: =SUMPRODUCT(W1538:X1538,PAINEL_PESOS!$C$28:$C$29) | I1538: 0.97742164 | J1538: 0.58579058 | K1538: =IF(NOT(AND(PAINEL_PESOS!$D$12="OK - 100%",PAINEL_PESOS!$F$20="OK - 100%",PAINEL_PESOS!$F$24="OK - 100%",PAINEL_PESOS!$F$27="OK - 100%",PAINEL_PESOS!$F$30="OK - 100%")),"", (E1538*PAINEL_PESOS!$B$7+F1538*PAINEL_PESOS!$B$8+G1538*PAINEL_PESOS!$B$9+H1538*PAINEL_PESOS!$B$10)*I1538) | L1538: =IF(K1538="","",K1538-J1538) | M1538: =IF(L1538="","",ABS(L1538)) | N1538: 0.2 | O1538: 1 | P1538: 1 | Q1538: 0.91692128 | R1538: 0.20973546 | S1538: 0.99329588 | T1538: 0.94308553 | U1538: 0.4098062 | V1538: 0.25979034 | W1538: 0.62447199 | X1538: 0.51130464
A1539: 2606606 | B1539: Ibimirim | C1539: PE | D1539: REGIÃO NORDESTE | E1539: =SUMPRODUCT(N1539:Q1539,PAINEL_PESOS!$C$16:$C$19) | F1539: =SUMPRODUCT(R1539:T1539,PAINEL_PESOS!$C$21:$C$23) | G1539: =SUMPRODUCT(U1539:V1539,PAINEL_PESOS!$C$25:$C$26) | H1539: =SUMPRODUCT(W1539:X1539,PAINEL_PESOS!$C$28:$C$29) | I1539: 0.97522628 | J1539: 0.62511888 | K1539: =IF(NOT(AND(PAINEL_PESOS!$D$12="OK - 100%",PAINEL_PESOS!$F$20="OK - 100%",PAINEL_PESOS!$F$24="OK - 100%",PAINEL_PESOS!$F$27="OK - 100%",PAINEL_PESOS!$F$30="OK - 100%")),"", (E1539*PAINEL_PESOS!$B$7+F1539*PAINEL_PESOS!$B$8+G1539*PAINEL_PESOS!$B$9+H1539*PAINEL_PESOS!$B$10)*I1539) | L1539: =IF(K1539="","",K1539-J1539) | M1539: =IF(L1539="","",ABS(L1539)) | N1539: 1 | O1539: 1 | P1539: 0.55850053 | Q1539: 0.97979308 | R1539: 0.26504402 | S1539: 0.99999164 | T1539: 0.88564739 | U1539: 0.410949 | V1539: 0.37877138 | W1539: 0.62432945 | X1539: 0.51100509
... A1548: 2607505 | B1548: Itaíba | C1548: PE | D1548: REGIÃO NORDESTE | E1548: =SUMPRODUCT(N1548:Q1548,PAINEL_PESOS!$C$16:$C$19) | F1548: =SUMPRODUCT(R1548:T1548,PAINEL_PESOS!$C$21:$C$23) | G1548: =SUMPRODUCT(U1548:V1548,PAINEL_PESOS!$C$25:$C$26) | H1548: =SUMPRODUCT(W1548:X1548,PAINEL_PESOS!$C$28:$C$29) | I1548: 0.98807541 | J1548: 0.61159325 | K1548: =IF(NOT(AND(PAINEL_PESOS!$D$12="OK - 100%",PAINEL_PESOS!$F$20="OK - 100%",PAINEL_PESOS!$F$24="OK - 100%",PAINEL_PESOS!$F$27="OK - 100%",PAINEL_PESOS!$F$30="OK - 100%")),"", (E1548*PAINEL_PESOS!$B$7+F1548*PAINEL_PESOS!$B$8+G1548*PAINEL_PESOS!$B$9+H1548*PAINEL_PESOS!$B$10)*I1548) | L1548: =IF(K1548="","",K1548-J1548) | M1548: =IF(L1548="","",ABS(L1548)) | N1548: 1 | O1548: 0.9948 | P1548: 0.4375924 | Q1548: 0.96395975 | R1548: 0.25695585 | S1548: 0.99954171 | T1548: 0.96449108 | U1548: 0.4098062 | V1548: 0.22737619 | W1548: 0.62447199 | X1548: 0.51130464
A1549: 2607604 | B1549: Ilha de Itamaracá | C1549: PE | D1549: REGIÃO NORDESTE | E1549: =SUMPRODUCT(N1549:Q1549,PAINEL_PESOS!$C$16:$C$19) | F1549: =SUMPRODUCT(R1549:T1549,PAINEL_PESOS!$C$21:$C$23) | G1549: =SUMPRODUCT(U1549:V1549,PAINEL_PESOS!$C$25:$C$26) | H1549: =SUMPRODUCT(W1549:X1549,PAINEL_PESOS!$C$28:$C$29) | I1549: 0.94321149 | K1549: =IF(NOT(AND(PAINEL_PESOS!$D$12="OK - 100%",PAINEL_PESOS!$F$20="OK - 100%",PAINEL_PESOS!$F$24="OK - 100%",PAINEL_PESOS!$F$27="OK - 100%",PAINEL_PESOS!$F$30="OK - 100%")),"", (E1549*PAINEL_PESOS!$B$7+F1549*PAINEL_PESOS!$B$8+G1549*PAINEL_PESOS!$B$9+H1549*PAINEL_PESOS!$B$10)*I1549) | L1549: =IF(K1549="","",K1549-J1549) | M1549: =IF(L1549="","",ABS(L1549)) | N1549: 1 | O1549: 0.9982 | P1549: 0.34868004 | Q1549: 0.61377166 | R1549: 0.23172565 | S1549: 0.99899348 | T1549: 0.99818446 | V1549: 0.41426131
A1550: 2607653 | B1550: Itambé | C1550: PE | D1550: REGIÃO NORDESTE | E1550: =SUMPRODUCT(N1550:Q1550,PAINEL_PESOS!$C$16:$C$19) | F1550: =SUMPRODUCT(R1550:T1550,PAINEL_PESOS!$C$21:$C$23) | G1550: =SUMPRODUCT(U1550:V1550,PAINEL_PESOS!$C$25:$C$26) | H1550: =SUMPRODUCT(W1550:X1550,PAINEL_PESOS!$C$28:$C$29) | I1550: 0.87795827 | J1550: 0.51273312 | K1550: =IF(NOT(AND(PAINEL_PESOS!$D$12="OK - 100%",PAINEL_PESOS!$F$20="OK - 100%",PAINEL_PESOS!$F$24="OK - 100%",PAINEL_PESOS!$F$27="OK - 100%",PAINEL_PESOS!$F$30="OK - 100%")),"", (E1550*PAINEL_PESOS!$B$7+F1550*PAINEL_PESOS!$B$8+G1550*PAINEL_PESOS!$B$9+H1550*PAINEL_PESOS!$B$10)*I1550) | L1550: =IF(K1550="","",K1550-J1550) | M1550: =IF(L1550="","",ABS(L1550)) | N1550: 0.2 | O1550: 1 | P1550: 1 | Q1550: 0.47521878 | R1550: 0.29525987 | S1550: 0.98486985 | T1550: 0.59687681 | U1550: 0.2314576 | V1550: 0.45445389 | W1550: 0.75271274 | X1550: 0.64447872
A1551: 2607703 | B1551: Itapetim | C1551: PE | D1551: REGIÃO NORDESTE | E1551: =SUMPRODUCT(N1551:Q1551,PAINEL_PESOS!$C$16:$C$19) | F1551: =SUMPRODUCT(R1551:T1551,PAINEL_PESOS!$C$21:$C$23) | G1551: =SUMPRODUCT(U1551:V1551,PAINEL_PESOS!$C$25:$C$26) | H1551: =SUMPRODUCT(W1551:X1551,PAINEL_PESOS!$C$28:$C$29) | I1551: 0.98481757 | J1551: 0.64925603 | K1551: =IF(NOT(AND(PAINEL_PESOS!$D$12="OK - 100%",PAINEL_PESOS!$F$20="OK - 100%",PAINEL_PESOS!$F$24="OK - 100%",PAINEL_PESOS!$F$27="OK - 100%",PAINEL_PESOS!$F$30="OK - 100%")),"", (E1551*PAINEL_PESOS!$B$7+F1551*PAINEL_PESOS!$B$8+G1551*PAINEL_PESOS!$B$9+H1551*PAINEL_PESOS!$B$10)*I1551) | L1551: =IF(K1551="","",K1551-J1551) | M1551: =IF(L1551="","",ABS(L1551)) | N1551: 1 | O1551: 1 | P1551: 0.81837381 | Q1551: 0.93276693 | R1551: 0.17907761 | S1551: 0.99733464 | T1551: 0.9711491 | U1551: 0.73621058 | V1551: 0.22303284 | W1551: 0.58348336 | X1551: 0.42411749
A1552: 2607752 | B1552: Itapissuma | C1552: PE | D1552: REGIÃO NORDESTE | E1552: =SUMPRODUCT(N1552:Q1552,PAINEL_PESOS!$C$16:$C$19) | F1552: =SUMPRODUCT(R1552:T1552,PAINEL_PESOS!$C$21:$C$23) | G1552: =SUMPRODUCT(U1552:V1552,PAINEL_PESOS!$C$25:$C$26) | H1552: =SUMPRODUCT(W1552:X1552,PAINEL_PESOS!$C$28:$C$29) | I1552: 0.85144557 | J1552: 0.45559126 | K1552: =IF(NOT(AND(PAINEL_PESOS!$D$12="OK - 100%",PAINEL_PESOS!$F$20="OK - 100%",PAINEL_PESOS!$F$24="OK - 100%",PAINEL_PESOS!$F$27="OK - 100%",PAINEL_PESOS!$F$30="OK - 100%")),"", (E1552*PAINEL_PESOS!$B$7+F1552*PAINEL_PESOS!$B$8+G1552*PAINEL_PESOS!$B$9+H1552*PAINEL_PESOS!$B$10)*I1552) | L1552: =IF(K1552="","",K1552-J1552) | M1552: =IF(L1552="","",ABS(L1552)) | N1552: 0.2 | O1552: 0.8548 | P1552: 0.46821542 | Q1552: 0.79540526 | R1552: 0.45623057 | S1552: 0 | T1552: 0.83892711 | U1552: 0.22551848 | V1552: 0.62745093 | W1552: 0.75532635 | X1552: 0.6496932
A1553: 2607802 | B1553: Itaquitinga | C1553: PE | D1553: REGIÃO NORDESTE | E1553: =SUMPRODUCT(N1553:Q1553,PAINEL_PESOS!$C$16:$C$19) | F1553: =SUMPRODUCT(R1553:T1553,PAINEL_PESOS!$C$21:$C$23) | G1553: =SUMPRODUCT(U1553:V1553,PAINEL_PESOS!$C$25:$C$26) | H1553: =SUMPRODUCT(W1553:X1553,PAINEL_PESOS!$C$28:$C$29) | I1553: 0.9371198 | J1553: 0.54049231 | K1553: =IF(NOT(AND(PAINEL_PESOS!$D$12="OK - 100%",PAINEL_PESOS!$F$20="OK - 100%",PAINEL_PESOS!$F$24="OK - 100%",PAINEL_PESOS!$F$27="OK - 100%",PAINEL_PESOS!$F$30="OK - 100%")),"", (E1553*PAINEL_PESOS!$B$7+F1553*PAINEL_PESOS!$B$8+G1553*PAINEL_PESOS!$B$9+H1553*PAINEL_PESOS!$B$10)*I1553) | L1553: =IF(K1553="","",K1553-J1553) | M1553: =IF(L1553="","",ABS(L1553)) | N1553: 0.2 | O1553: 0.9933 | P1553: 0.30105597 | Q1553: 0.81841633 | R1553: 0.2045149 | S1553: 0.99712503 | T1553: 0.77216224 | U1553: 0.22551848 | V1553: 0.51128 | W1553: 0.75532635 | X1553: 0.6496932
A1554: 2607901 | B1554: Jaboatão dos Guararapes | C1554: PE | D1554: REGIÃO NORDESTE | E1554: =SUMPRODUCT(N1554:Q1554,PAINEL_PESOS!$C$16:$C$19) | F1554: =SUMPRODUCT(R1554:T1554,PAINEL_PESOS!$C$21:$C$23) | G1554: =SUMPRODUCT(U1554:V1554,PAINEL_PESOS!$C$25:$C$26) | H1554: =SUMPRODUCT(W1554:X1554,PAINEL_PESOS!$C$28:$C$29) | I1554: 0.83587142 | J1554: 0.45507442 | K1554: =IF(NOT(AND(PAINEL_PESOS!$D$12="OK - 100%",PAINEL_PESOS!$F$20="OK - 100%",PAINEL_PESOS!$F$24="OK - 100%",PAINEL_PESOS!$F$27="OK - 100%",PAINEL_PESOS!$F$30="OK - 100%")),"", (E1554*PAINEL_PESOS!$B$7+F1554*PAINEL_PESOS!$B$8+G1554*PAINEL_PESOS!$B$9+H1554*PAINEL_PESOS!$B$10)*I1554) | L1554: =IF(K1554="","",K1554-J1554) | M1554: =IF(L1554="","",ABS(L1554)) | N1554: 0.4 | O1554: 1 | P1554: 0.58722281 | Q1554: 0 | R1554: 0.62791097 | S1554: 0.59971281 | T1554: 0.95169395 | U1554: 0.31623291 | V1554: 0.27873208 | W1554: 0.70029817 | X1554: 0.61369596
A1555: 2607950 | B1555: Jaqueira | C1555: PE | D1555: REGIÃO NORDESTE | E1555: =SUMPRODUCT(N1555:Q1555,PAINEL_PESOS!$C$16:$C$19) | F1555: =SUMPRODUCT(R1555:T1555,PAINEL_PESOS!$C$21:$C$23) | G1555: =SUMPRODUCT(U1555:V1555,PAINEL_PESOS!$C$25:$C$26) | H1555: =SUMPRODUCT(W1555:X1555,PAINEL_PESOS!$C$28:$C$29) | I1555: 0.97434752 | J1555: 0.67169711 | K1555: =IF(NOT(AND(PAINEL_PESOS!$D$12="OK - 100%",PAINEL_PESOS!$F$20="OK - 100%",PAINEL_PESOS!$F$24="OK - 100%",PAINEL_PESOS!$F$27="OK - 100%",PAINEL_PESOS!$F$30="OK - 100%")),"", (E1555*PAINEL_PESOS!$B$7+F1555*PAINEL_PESOS!$B$8+G1555*PAINEL_PESOS!$B$9+H1555*PAINEL_PESOS!$B$10)*I1555) | L1555: =IF(K1555="","",K1555-J1555) | M1555: =IF(L1555="","",ABS(L1555)) | N1555: 0.2 | O1555: 1 | P1555: 1 | Q1555: 0.93723257 | R1555: 0.15325791 | S1555: 0.9988743 | T1555: 0.90908091 | U1555: 0.22916762 | V1555: 1 | W1555: 0.69810837 | X1555: 0.6450173
A1556: 2608008 | B1556: Jataúba | C1556: PE | D1556: REGIÃO NORDESTE | E1556: =SUMPRODUCT(N1556:Q1556,PAINEL_PESOS!$C$16:$C$19) | F1556: =SUMPRODUCT(R1556:T1556,PAINEL_PESOS!$C$21:$C$23) | G1556: =SUMPRODUCT(U1556:V1556,PAINEL_PESOS!$C$25:$C$26) | H1556: =SUMPRODUCT(W1556:X1556,PAINEL_PESOS!$C$28:$C$29) | I1556: 0.9973801 | J1556: 0.61580397 | K1556: =IF(NOT(AND(PAINEL_PESOS!$D$12="OK - 100%",PAINEL_PESOS!$F$20="OK - 100%",PAINEL_PESOS!$F$24="OK - 100%",PAINEL_PESOS!$F$27="OK - 100%",PAINEL_PESOS!$F$30="OK - 100%")),"", (E1556*PAINEL_PESOS!$B$7+F1556*PAINEL_PESOS!$B$8+G1556*PAINEL_PESOS!$B$9+H1556*PAINEL_PESOS!$B$10)*I1556) | L1556: =IF(K1556="","",K1556-J1556) | M1556: =IF(L1556="","",ABS(L1556)) | N1556: 0.2 | O1556: 1 | P1556: 0.6001056 | Q1556: 0.98938638 | R1556: 0.19054365 | S1556: 0.99984733 | T1556: 0.99453968 | U1556: 0.44522472 | V1556: 0.42025899 | W1556: 0.66485441 | X1556: 0.55766788
A1557: 2608057 | B1557: Jatobá | C1557: PE | D1557: REGIÃO NORDESTE | E1557: =SUMPRODUCT(N1557:Q1557,PAINEL_PESOS!$C$16:$C$19) | F1557: =SUMPRODUCT(R1557:T1557,PAINEL_PESOS!$C$21:$C$23) | G1557: =SUMPRODUCT(U1557:V1557,PAINEL_PESOS!$C$25:$C$26) | H1557: =SUMPRODUCT(W1557:X1557,PAINEL_PESOS!$C$28:$C$29) | I1557: 0.97184977 | J1557: 0.62605102 | K1557: =IF(NOT(AND(PAINEL_PESOS!$D$12="OK - 100%",PAINEL_PESOS!$F$20="OK - 100%",PAINEL_PESOS!$F$24="OK - 100%",PAINEL_PESOS!$F$27="OK - 100%",PAINEL_PESOS!$F$30="OK - 100%")),"", (E1557*PAINEL_PESOS!$B$7+F1557*PAINEL_PESOS!$B$8+G1557*PAINEL_PESOS!$B$9+H1557*PAINEL_PESOS!$B$10)*I1557) | L1557: =IF(K1557="","",K1557-J1557) | M1557: =IF(L1557="","",ABS(L1557)) | N1557: 1 | O1557: 0.9978 | P1557: 0.34878564 | Q1557: 0.92729829 | R1557: 0.18616267 | S1557: 0.99801336 | T1557: 0.90237531 | U1557: 0.4098062 | V1557: 0.57992077 | W1557: 0.62447199 | X1557: 0.51130464
A1558: 2608107 | B1558: João Alfredo | C1558: PE | D1558: REGIÃO NORDESTE | E1558: =SUMPRODUCT(N1558:Q1558,PAINEL_PESOS!$C$16:$C$19) | F1558: =SUMPRODUCT(R1558:T1558,PAINEL_PESOS!$C$21:$C$23) | G1558: =SUMPRODUCT(U1558:V1558,PAINEL_PESOS!$C$25:$C$26) | H1558: =SUMPRODUCT(W1558:X1558,PAINEL_PESOS!$C$28:$C$29) | I1558: 0.98084026 | J1558: 0.63334404 | K1558: =IF(NOT(AND(PAINEL_PESOS!$D$12="OK - 100%",PAINEL_PESOS!$F$20="OK - 100%",PAINEL_PESOS!$F$24="OK - 100%",PAINEL_PESOS!$F$27="OK - 100%",PAINEL_PESOS!$F$30="OK - 100%")),"", (E1558*PAINEL_PESOS!$B$7+F1558*PAINEL_PESOS!$B$8+G1558*PAINEL_PESOS!$B$9+H1558*PAINEL_PESOS!$B$10)*I1558) | L1558: =IF(K1558="","",K1558-J1558) | M1558: =IF(L1558="","",ABS(L1558)) | N1558: 1 | O1558: 0.9932 | P1558: 0.32080253 | Q1558: 0.88276444 | R1558: 0.24803491 | S1558: 0.99751483 | T1558: 0.98900871 | U1558: 0.31520117 | V1558: 0.43140756 | W1558: 0.7182525 | X1558: 0.61277592
A1559: 2608206 | B1559: Joaquim Nabuco | C1559: PE | D1559: REGIÃO NORDESTE | E1559: =SUMPRODUCT(N1559:Q1559,PAINEL_PESOS!$C$16:$C$19) | F1559: =SUMPRODUCT(R1559:T1559,PAINEL_PESOS!$C$21:$C$23) | G1559: =SUMPRODUCT(U1559:V1559,PAINEL_PESOS!$C$25:$C$26) | H1559: =SUMPRODUCT(W1559:X1559,PAINEL_PESOS!$C$28:$C$29) | I1559: 0.9675037 | J1559: 0.60846449 | K1559: =IF(NOT(AND(PAINEL_PESOS!$D$12="OK - 100%",PAINEL_PESOS!$F$20="OK - 100%",PAINEL_PESOS!$F$24="OK - 100%",PAINEL_PESOS!$F$27="OK - 100%",PAINEL_PESOS!$F$30="OK - 100%")),"", (E1559*PAINEL_PESOS!$B$7+F1559*PAINEL_PESOS!$B$8+G1559*PAINEL_PESOS!$B$9+H1559*PAINEL_PESOS!$B$10)*I1559) | L1559: =IF(K1559="","",K1559-J1559) | M1559: =IF(L1559="","",ABS(L1559)) | N1559: 1 | O1559: 1 | P1559: 0.46525871 | Q1559: 0.95116261 | R1559: 0.17583596 | S1559: 0.74225584 | T1559: 0.96935571 | U1559: 0.26145325 | V1559: 0.46946676 | W1559: 0.70012885 | X1559: 0.63365385
A1560: 2608255 | B1560: Jucati | C1560: PE | D1560: REGIÃO NORDESTE | E1560: =SUMPRODUCT(N1560:Q1560,PAINEL_PESOS!$C$16:$C$19) | F1560: =SUMPRODUCT(R1560:T1560,PAINEL_PESOS!$C$21:$C$23) | G1560: =SUMPRODUCT(U1560:V1560,PAINEL_PESOS!$C$25:$C$26) | H1560: =SUMPRODUCT(W1560:X1560,PAINEL_PESOS!$C$28:$C$29) | I1560: 0.95957697 | J1560: 0.59647547 | K1560: =IF(NOT(AND(PAINEL_PESOS!$D$12="OK - 100%",PAINEL_PESOS!$F$20="OK - 100%",PAINEL_PESOS!$F$24="OK - 100%",PAINEL_PESOS!$F$27="OK - 100%",PAINEL_PESOS!$F$30="OK - 100%")),"", (E1560*PAINEL_PESOS!$B$7+F1560*PAINEL_PESOS!$B$8+G1560*PAINEL_PESOS!$B$9+H1560*PAINEL_PESOS!$B$10)*I1560) | L1560: =IF(K1560="","",K1560-J1560) | M1560: =IF(L1560="","",ABS(L1560)) | N1560: 1 | O1560: 0.9425 | P1560: 0.76177402 | Q1560: 0.82040688 | R1560: 0.16255145 | S1560: 0.99985361 | T1560: 0.9084913 | U1560: 0.20213134 | V1560: 0.28549593 | W1560: 0.65647786 | X1560: 0.68577704
A1561: 2608305 | B1561: Jupi | C1561: PE | D1561: REGIÃO NORDESTE | E1561: =SUMPRODUCT(N1561:Q1561,PAINEL_PESOS!$C$16:$C$19) | F1561: =SUMPRODUCT(R1561:T1561,PAINEL_PESOS!$C$21:$C$23) | G1561: =SUMPRODUCT(U1561:V1561,PAINEL_PESOS!$C$25:$C$26) | H1561: =SUMPRODUCT(W1561:X1561,PAINEL_PESOS!$C$28:$C$29) | I1561: 0.94738169 | J1561: 0.55425463 | K1561: =IF(NOT(AND(PAINEL_PESOS!$D$12="OK - 100%",PAINEL_PESOS!$F$20="OK - 100%",PAINEL_PESOS!$F$24="OK - 100%",PAINEL_PESOS!$F$27="OK - 100%",PAINEL_PESOS!$F$30="OK - 100%")),"", (E1561*PAINEL_PESOS!$B$7+F1561*PAINEL_PESOS!$B$8+G1561*PAINEL_PESOS!$B$9+H1561*PAINEL_PESOS!$B$10)*I1561) | L1561: =IF(K1561="","",K1561-J1561) | M1561: =IF(L1561="","",ABS(L1561)) | N1561: 0.2 | O1561: 1 | P1561: 0.95153115 | Q1561: 0.75354307 | R1561: 0.21406489 | S1561: 0.97570188 | T1561: 0.8922363 | U1561: 0.21698884 | V1561: 0.28004544 | W1561: 0.67935545 | X1561: 0.66337797
... A2018: 2916005 | B2018: Itanhém | C2018: BA | D2018: REGIÃO NORDESTE | E2018: =SUMPRODUCT(N2018:Q2018,PAINEL_PESOS!$C$16:$C$19) | F2018: =SUMPRODUCT(R2018:T2018,PAINEL_PESOS!$C$21:$C$23) | G2018: =SUMPRODUCT(U2018:V2018,PAINEL_PESOS!$C$25:$C$26) | H2018: =SUMPRODUCT(W2018:X2018,PAINEL_PESOS!$C$28:$C$29) | I2018: 0.99039165 | J2018: 0.67096202 | K2018: =IF(NOT(AND(PAINEL_PESOS!$D$12="OK - 100%",PAINEL_PESOS!$F$20="OK - 100%",PAINEL_PESOS!$F$24="OK - 100%",PAINEL_PESOS!$F$27="OK - 100%",PAINEL_PESOS!$F$30="OK - 100%")),"", (E2018*PAINEL_PESOS!$B$7+F2018*PAINEL_PESOS!$B$8+G2018*PAINEL_PESOS!$B$9+H2018*PAINEL_PESOS!$B$10)*I2018) | L2018: =IF(K2018="","",K2018-J2018) | M2018: =IF(L2018="","",ABS(L2018)) | N2018: 1 | O2018: 0.9963 | P2018: 0.80348469 | Q2018: 0.99309724 | R2018: 0.24431539 | S2018: 0.999428 | T2018: 0.95596578 | U2018: 0.13856126 | V2018: 0.56256429 | W2018: 0.59395005 | X2018: 0.7617819
A2019: 2916104 | B2019: Itaparica | C2019: BA | D2019: REGIÃO NORDESTE | E2019: =SUMPRODUCT(N2019:Q2019,PAINEL_PESOS!$C$16:$C$19) | F2019: =SUMPRODUCT(R2019:T2019,PAINEL_PESOS!$C$21:$C$23) | G2019: =SUMPRODUCT(U2019:V2019,PAINEL_PESOS!$C$25:$C$26) | H2019: =SUMPRODUCT(W2019:X2019,PAINEL_PESOS!$C$28:$C$29) | I2019: 0.9483019 | K2019: =IF(NOT(AND(PAINEL_PESOS!$D$12="OK - 100%",PAINEL_PESOS!$F$20="OK - 100%",PAINEL_PESOS!$F$24="OK - 100%",PAINEL_PESOS!$F$27="OK - 100%",PAINEL_PESOS!$F$30="OK - 100%")),"", (E2019*PAINEL_PESOS!$B$7+F2019*PAINEL_PESOS!$B$8+G2019*PAINEL_PESOS!$B$9+H2019*PAINEL_PESOS!$B$10)*I2019) | L2019: =IF(K2019="","",K2019-J2019) | M2019: =IF(L2019="","",ABS(L2019)) | N2019: 1 | O2019: 0.9862 | P2019: 0.40337909 | Q2019: 0.65517758 | R2019: 0.23179456 | S2019: 0.9992203 | T2019: 0.99012013 | V2019: 0.23333379
A2020: 2916203 | B2020: Itapé | C2020: BA | D2020: REGIÃO NORDESTE | E2020: =SUMPRODUCT(N2020:Q2020,PAINEL_PESOS!$C$16:$C$19) | F2020: =SUMPRODUCT(R2020:T2020,PAINEL_PESOS!$C$21:$C$23) | G2020: =SUMPRODUCT(U2020:V2020,PAINEL_PESOS!$C$25:$C$26) | H2020: =SUMPRODUCT(W2020:X2020,PAINEL_PESOS!$C$28:$C$29) | I2020: 0.92550879 | J2020: 0.59280238 | K2020: =IF(NOT(AND(PAINEL_PESOS!$D$12="OK - 100%",PAINEL_PESOS!$F$20="OK - 100%",PAINEL_PESOS!$F$24="OK - 100%",PAINEL_PESOS!$F$27="OK - 100%",PAINEL_PESOS!$F$30="OK - 100%")),"", (E2020*PAINEL_PESOS!$B$7+F2020*PAINEL_PESOS!$B$8+G2020*PAINEL_PESOS!$B$9+H2020*PAINEL_PESOS!$B$10)*I2020) | L2020: =IF(K2020="","",K2020-J2020) | M2020: =IF(L2020="","",ABS(L2020)) | N2020: 1 | O2020: 0.9455 | P2020: 0.62280887 | Q2020: 0.83282739 | R2020: 0.15777776 | S2020: 0.99402414 | T2020: 0.69410329 | U2020: 0.39865161 | V2020: 0.59086555 | W2020: 0.47896659 | X2020: 0.72446568
A2021: 2916302 | B2021: Itapebi | C2021: BA | D2021: REGIÃO NORDESTE | E2021: =SUMPRODUCT(N2021:Q2021,PAINEL_PESOS!$C$16:$C$19) | F2021: =SUMPRODUCT(R2021:T2021,PAINEL_PESOS!$C$21:$C$23) | G2021: =SUMPRODUCT(U2021:V2021,PAINEL_PESOS!$C$25:$C$26) | H2021: =SUMPRODUCT(W2021:X2021,PAINEL_PESOS!$C$28:$C$29) | I2021: 0.99317559 | J2021: 0.6797021 | K2021: =IF(NOT(AND(PAINEL_PESOS!$D$12="OK - 100%",PAINEL_PESOS!$F$20="OK - 100%",PAINEL_PESOS!$F$24="OK - 100%",PAINEL_PESOS!$F$27="OK - 100%",PAINEL_PESOS!$F$30="OK - 100%")),"", (E2021*PAINEL_PESOS!$B$7+F2021*PAINEL_PESOS!$B$8+G2021*PAINEL_PESOS!$B$9+H2021*PAINEL_PESOS!$B$10)*I2021) | L2021: =IF(K2021="","",K2021-J2021) | M2021: =IF(L2021="","",ABS(L2021)) | N2021: 1 | O2021: 1 | P2021: 0.6438226 | Q2021: 0.98991785 | R2021: 0.24095824 | S2021: 1 | T2021: 0.97299982 | U2021: 0.52294498 | V2021: 0.30719753 | W2021: 0.66906714 | X2021: 0.6829284
A2022: 2916401 | B2022: Itapetinga | C2022: BA | D2022: REGIÃO NORDESTE | E2022: =SUMPRODUCT(N2022:Q2022,PAINEL_PESOS!$C$16:$C$19) | F2022: =SUMPRODUCT(R2022:T2022,PAINEL_PESOS!$C$21:$C$23) | G2022: =SUMPRODUCT(U2022:V2022,PAINEL_PESOS!$C$25:$C$26) | H2022: =SUMPRODUCT(W2022:X2022,PAINEL_PESOS!$C$28:$C$29) | I2022: 0.93357083 | J2022: 0.62526351 | K2022: =IF(NOT(AND(PAINEL_PESOS!$D$12="OK - 100%",PAINEL_PESOS!$F$20="OK - 100%",PAINEL_PESOS!$F$24="OK - 100%",PAINEL_PESOS!$F$27="OK - 100%",PAINEL_PESOS!$F$30="OK - 100%")),"", (E2022*PAINEL_PESOS!$B$7+F2022*PAINEL_PESOS!$B$8+G2022*PAINEL_PESOS!$B$9+H2022*PAINEL_PESOS!$B$10)*I2022) | L2022: =IF(K2022="","",K2022-J2022) | M2022: =IF(L2022="","",ABS(L2022)) | N2022: 1 | O2022: 1 | P2022: 0.63305174 | Q2022: 0.87909704 | R2022: 0.4074601 | S2022: 0.80269443 | T2022: 0.77260569 | U2022: 0.48922685 | V2022: 0.53628888 | W2022: 0.59918228 | X2022: 0.65542552
A2023: 2916500 | B2023: Itapicuru | C2023: BA | D2023: REGIÃO NORDESTE | E2023: =SUMPRODUCT(N2023:Q2023,PAINEL_PESOS!$C$16:$C$19) | F2023: =SUMPRODUCT(R2023:T2023,PAINEL_PESOS!$C$21:$C$23) | G2023: =SUMPRODUCT(U2023:V2023,PAINEL_PESOS!$C$25:$C$26) | H2023: =SUMPRODUCT(W2023:X2023,PAINEL_PESOS!$C$28:$C$29) | I2023: 0.93536812 | J2023: 0.63145756 | K2023: =IF(NOT(AND(PAINEL_PESOS!$D$12="OK - 100%",PAINEL_PESOS!$F$20="OK - 100%",PAINEL_PESOS!$F$24="OK - 100%",PAINEL_PESOS!$F$27="OK - 100%",PAINEL_PESOS!$F$30="OK - 100%")),"", (E2023*PAINEL_PESOS!$B$7+F2023*PAINEL_PESOS!$B$8+G2023*PAINEL_PESOS!$B$9+H2023*PAINEL_PESOS!$B$10)*I2023) | L2023: =IF(K2023="","",K2023-J2023) | M2023: =IF(L2023="","",ABS(L2023)) | N2023: 1 | O2023: 0.9954 | P2023: 0.64825766 | Q2023: 0.9189342 | R2023: 0.28655447 | S2023: 0.99207198 | T2023: 0.70743252 | U2023: 0.26422484 | V2023: 0.61048303 | W2023: 0.76902591 | X2023: 0.65165011
A2024: 2916609 | B2024: Itapitanga | C2024: BA | D2024: REGIÃO NORDESTE | E2024: =SUMPRODUCT(N2024:Q2024,PAINEL_PESOS!$C$16:$C$19) | F2024: =SUMPRODUCT(R2024:T2024,PAINEL_PESOS!$C$21:$C$23) | G2024: =SUMPRODUCT(U2024:V2024,PAINEL_PESOS!$C$25:$C$26) | H2024: =SUMPRODUCT(W2024:X2024,PAINEL_PESOS!$C$28:$C$29) | I2024: 0.985048 | J2024: 0.60569749 | K2024: =IF(NOT(AND(PAINEL_PESOS!$D$12="OK - 100%",PAINEL_PESOS!$F$20="OK - 100%",PAINEL_PESOS!$F$24="OK - 100%",PAINEL_PESOS!$F$27="OK - 100%",PAINEL_PESOS!$F$30="OK - 100%")),"", (E2024*PAINEL_PESOS!$B$7+F2024*PAINEL_PESOS!$B$8+G2024*PAINEL_PESOS!$B$9+H2024*PAINEL_PESOS!$B$10)*I2024) | L2024: =IF(K2024="","",K2024-J2024) | M2024: =IF(L2024="","",ABS(L2024)) | N2024: 0.8 | O2024: 0.9706 | P2024: 0.80918691 | Q2024: 0.95951352 | R2024: 0.14945389 | S2024: 0.99997231 | T2024: 0.95128981 | U2024: 0.34786117 | V2024: 0.1879226 | W2024: 0.52625867 | X2024: 0.68696073
A2025: 2916708 | B2025: Itaquara | C2025: BA | D2025: REGIÃO NORDESTE | E2025: =SUMPRODUCT(N2025:Q2025,PAINEL_PESOS!$C$16:$C$19) | F2025: =SUMPRODUCT(R2025:T2025,PAINEL_PESOS!$C$21:$C$23) | G2025: =SUMPRODUCT(U2025:V2025,PAINEL_PESOS!$C$25:$C$26) | H2025: =SUMPRODUCT(W2025:X2025,PAINEL_PESOS!$C$28:$C$29) | I2025: 0.97433598 | J2025: 0.66678817 | K2025: =IF(NOT(AND(PAINEL_PESOS!$D$12="OK - 100%",PAINEL_PESOS!$F$20="OK - 100%",PAINEL_PESOS!$F$24="OK - 100%",PAINEL_PESOS!$F$27="OK - 100%",PAINEL_PESOS!$F$30="OK - 100%")),"", (E2025*PAINEL_PESOS!$B$7+F2025*PAINEL_PESOS!$B$8+G2025*PAINEL_PESOS!$B$9+H2025*PAINEL_PESOS!$B$10)*I2025) | L2025: =IF(K2025="","",K2025-J2025) | M2025: =IF(L2025="","",ABS(L2025)) | N2025: 1 | O2025: 0.9597 | P2025: 0.7030623 | Q2025: 0.97312033 | R2025: 0.13436182 | S2025: 1 | T2025: 0.88511652 | U2025: 0.44986665 | V2025: 0.46989653 | W2025: 0.69105205 | X2025: 0.69973556
A2026: 2916807 | B2026: Itarantim | C2026: BA | D2026: REGIÃO NORDESTE | E2026: =SUMPRODUCT(N2026:Q2026,PAINEL_PESOS!$C$16:$C$19) | F2026: =SUMPRODUCT(R2026:T2026,PAINEL_PESOS!$C$21:$C$23) | G2026: =SUMPRODUCT(U2026:V2026,PAINEL_PESOS!$C$25:$C$26) | H2026: =SUMPRODUCT(W2026:X2026,PAINEL_PESOS!$C$28:$C$29) | I2026: 0.97867653 | J2026: 0.63764317 | K2026: =IF(NOT(AND(PAINEL_PESOS!$D$12="OK - 100%",PAINEL_PESOS!$F$20="OK - 100%",PAINEL_PESOS!$F$24="OK - 100%",PAINEL_PESOS!$F$27="OK - 100%",PAINEL_PESOS!$F$30="OK - 100%")),"", (E2026*PAINEL_PESOS!$B$7+F2026*PAINEL_PESOS!$B$8+G2026*PAINEL_PESOS!$B$9+H2026*PAINEL_PESOS!$B$10)*I2026) | L2026: =IF(K2026="","",K2026-J2026) | M2026: =IF(L2026="","",ABS(L2026)) | N2026: 0.6 | O2026: 0.9772 | P2026: 0.73558606 | Q2026: 0.97759792 | R2026: 0.25334834 | S2026: 0.97283061 | T2026: 0.91523358 | U2026: 0.51693238 | V2026: 0.31366848 | W2026: 0.64770867 | X2026: 0.66117956
A2027: 2916856 | B2027: Itatim | C2027: BA | D2027: REGIÃO NORDESTE | E2027: =SUMPRODUCT(N2027:Q2027,PAINEL_PESOS!$C$16:$C$19) | F2027: =SUMPRODUCT(R2027:T2027,PAINEL_PESOS!$C$21:$C$23) | G2027: =SUMPRODUCT(U2027:V2027,PAINEL_PESOS!$C$25:$C$26) | H2027: =SUMPRODUCT(W2027:X2027,PAINEL_PESOS!$C$28:$C$29) | I2027: 0.98353179 | J2027: 0.66907615 | K2027: =IF(NOT(AND(PAINEL_PESOS!$D$12="OK - 100%",PAINEL_PESOS!$F$20="OK - 100%",PAINEL_PESOS!$F$24="OK - 100%",PAINEL_PESOS!$F$27="OK - 100%",PAINEL_PESOS!$F$30="OK - 100%")),"", (E2027*PAINEL_PESOS!$B$7+F2027*PAINEL_PESOS!$B$8+G2027*PAINEL_PESOS!$B$9+H2027*PAINEL_PESOS!$B$10)*I2027) | L2027: =IF(K2027="","",K2027-J2027) | M2027: =IF(L2027="","",ABS(L2027)) | N2027: 1 | O2027: 1 | P2027: 0.59503696 | Q2027: 0.92894872 | R2027: 0.28270908 | S2027: 0.99540359 | T2027: 0.96769196 | U2027: 0.3855024 | V2027: 0.54539522 | W2027: 0.67123629 | X2027: 0.58090322
A2028: 2916906 | B2028: Itiruçu | C2028: BA | D2028: REGIÃO NORDESTE | E2028: =SUMPRODUCT(N2028:Q2028,PAINEL_PESOS!$C$16:$C$19) | F2028: =SUMPRODUCT(R2028:T2028,PAINEL_PESOS!$C$21:$C$23) | G2028: =SUMPRODUCT(U2028:V2028,PAINEL_PESOS!$C$25:$C$26) | H2028: =SUMPRODUCT(W2028:X2028,PAINEL_PESOS!$C$28:$C$29) | I2028: 0.9315799 | J2028: 0.57038966 | K2028: =IF(NOT(AND(PAINEL_PESOS!$D$12="OK - 100%",PAINEL_PESOS!$F$20="OK - 100%",PAINEL_PESOS!$F$24="OK - 100%",PAINEL_PESOS!$F$27="OK - 100%",PAINEL_PESOS!$F$30="OK - 100%")),"", (E2028*PAINEL_PESOS!$B$7+F2028*PAINEL_PESOS!$B$8+G2028*PAINEL_PESOS!$B$9+H2028*PAINEL_PESOS!$B$10)*I2028) | L2028: =IF(K2028="","",K2028-J2028) | M2028: =IF(L2028="","",ABS(L2028)) | N2028: 0.4 | O2028: 0.9896 | P2028: 0.66209081 | Q2028: 0.94538075 | R2028: 0.16842727 | S2028: 0.99870212 | T2028: 0.67309812 | U2028: 0.46498904 | V2028: 0.43102557 | W2028: 0.66072995 | X2028: 0.61615779
A2029: 2917003 | B2029: Itiúba | C2029: BA | D2029: REGIÃO NORDESTE | E2029: =SUMPRODUCT(N2029:Q2029,PAINEL_PESOS!$C$16:$C$19) | F2029: =SUMPRODUCT(R2029:T2029,PAINEL_PESOS!$C$21:$C$23) | G2029: =SUMPRODUCT(U2029:V2029,PAINEL_PESOS!$C$25:$C$26) | H2029: =SUMPRODUCT(W2029:X2029,PAINEL_PESOS!$C$28:$C$29) | I2029: 0.98407406 | J2029: 0.67388834 | K2029: =IF(NOT(AND(PAINEL_PESOS!$D$12="OK - 100%",PAINEL_PESOS!$F$20="OK - 100%",PAINEL_PESOS!$F$24="OK - 100%",PAINEL_PESOS!$F$27="OK - 100%",PAINEL_PESOS!$F$30="OK - 100%")),"", (E2029*PAINEL_PESOS!$B$7+F2029*PAINEL_PESOS!$B$8+G2029*PAINEL_PESOS!$B$9+H2029*PAINEL_PESOS!$B$10)*I2029) | L2029: =IF(K2029="","",K2029-J2029) | M2029: =IF(L2029="","",ABS(L2029)) | N2029: 1 | O2029: 0.9878 | P2029: 0.72734952 | Q2029: 0.9488131 | R2029: 0.2659935 | S2029: 0.99949854 | T2029: 0.95400012 | U2029: 0.44911032 | V2029: 0.59218596 | W2029: 0.56934862 | X2029: 0.556067
A2030: 2917102 | B2030: Itororó | C2030: BA | D2030: REGIÃO NORDESTE | E2030: =SUMPRODUCT(N2030:Q2030,PAINEL_PESOS!$C$16:$C$19) | F2030: =SUMPRODUCT(R2030:T2030,PAINEL_PESOS!$C$21:$C$23) | G2030: =SUMPRODUCT(U2030:V2030,PAINEL_PESOS!$C$25:$C$26) | H2030: =SUMPRODUCT(W2030:X2030,PAINEL_PESOS!$C$28:$C$29) | I2030: 0.96394776 | J2030: 0.63235504 | K2030: =IF(NOT(AND(PAINEL_PESOS!$D$12="OK - 100%",PAINEL_PESOS!$F$20="OK - 100%",PAINEL_PESOS!$F$24="OK - 100%",PAINEL_PESOS!$F$27="OK - 100%",PAINEL_PESOS!$F$30="OK - 100%")),"", (E2030*PAINEL_PESOS!$B$7+F2030*PAINEL_PESOS!$B$8+G2030*PAINEL_PESOS!$B$9+H2030*PAINEL_PESOS!$B$10)*I2030) | L2030: =IF(K2030="","",K2030-J2030) | M2030: =IF(L2030="","",ABS(L2030)) | N2030: 0.8 | O2030: 1 | P2030: 0.86272439 | Q2030: 0.86142954 | R2030: 0.22615479 | S2030: 0.8961614 | T2030: 0.94442006 | U2030: 0.39853642 | V2030: 0.50615202 | W2030: 0.47907385 | X2030: 0.72438062
A2031: 2917201 | B2031: Ituaçu | C2031: BA | D2031: REGIÃO NORDESTE | E2031: =SUMPRODUCT(N2031:Q2031,PAINEL_PESOS!$C$16:$C$19) | F2031: =SUMPRODUCT(R2031:T2031,PAINEL_PESOS!$C$21:$C$23) | G2031: =SUMPRODUCT(U2031:V2031,PAINEL_PESOS!$C$25:$C$26) | H2031: =SUMPRODUCT(W2031:X2031,PAINEL_PESOS!$C$28:$C$29) | I2031: 0.78986731 | J2031: 0.47024007 | K2031: =IF(NOT(AND(PAINEL_PESOS!$D$12="OK - 100%",PAINEL_PESOS!$F$20="OK - 100%",PAINEL_PESOS!$F$24="OK - 100%",PAINEL_PESOS!$F$27="OK - 100%",PAINEL_PESOS!$F$30="OK - 100%")),"", (E2031*PAINEL_PESOS!$B$7+F2031*PAINEL_PESOS!$B$8+G2031*PAINEL_PESOS!$B$9+H2031*PAINEL_PESOS!$B$10)*I2031) | L2031: =IF(K2031="","",K2031-J2031) | M2031: =IF(L2031="","",ABS(L2031)) | N2031: 1 | O2031: 0.9817 | P2031: 0.6406547 | Q2031: 0.91963723 | R2031: 0.24456144 | S2031: 0.97535138 | T2031: 0 | U2031: 0.52420242 | V2031: 0.60721677 | W2031: 0.57084736 | X2031: 0.47618699
... A2067: 2919900 | B2067: Macururé | C2067: BA | D2067: REGIÃO NORDESTE | E2067: =SUMPRODUCT(N2067:Q2067,PAINEL_PESOS!$C$16:$C$19) | F2067: =SUMPRODUCT(R2067:T2067,PAINEL_PESOS!$C$21:$C$23) | G2067: =SUMPRODUCT(U2067:V2067,PAINEL_PESOS!$C$25:$C$26) | H2067: =SUMPRODUCT(W2067:X2067,PAINEL_PESOS!$C$28:$C$29) | I2067: 0.99860601 | J2067: 0.59514445 | K2067: =IF(NOT(AND(PAINEL_PESOS!$D$12="OK - 100%",PAINEL_PESOS!$F$20="OK - 100%",PAINEL_PESOS!$F$24="OK - 100%",PAINEL_PESOS!$F$27="OK - 100%",PAINEL_PESOS!$F$30="OK - 100%")),"", (E2067*PAINEL_PESOS!$B$7+F2067*PAINEL_PESOS!$B$8+G2067*PAINEL_PESOS!$B$9+H2067*PAINEL_PESOS!$B$10)*I2067) | L2067: =IF(K2067="","",K2067-J2067) | M2067: =IF(L2067="","",ABS(L2067)) | N2067: 0.4 | O2067: 0.8333 | P2067: 0.32418163 | Q2067: 0.99779063 | R2067: 0.10928694 | S2067: 1 | T2067: 0.99451425 | U2067: 0.54460937 | V2067: 0.58565773 | W2067: 0.58733558 | X2067: 0.3700289
A2068: 2919926 | B2068: Madre de Deus | C2068: BA | D2068: REGIÃO NORDESTE | E2068: =SUMPRODUCT(N2068:Q2068,PAINEL_PESOS!$C$16:$C$19) | F2068: =SUMPRODUCT(R2068:T2068,PAINEL_PESOS!$C$21:$C$23) | G2068: =SUMPRODUCT(U2068:V2068,PAINEL_PESOS!$C$25:$C$26) | H2068: =SUMPRODUCT(W2068:X2068,PAINEL_PESOS!$C$28:$C$29) | I2068: 0.84802295 | K2068: =IF(NOT(AND(PAINEL_PESOS!$D$12="OK - 100%",PAINEL_PESOS!$F$20="OK - 100%",PAINEL_PESOS!$F$24="OK - 100%",PAINEL_PESOS!$F$27="OK - 100%",PAINEL_PESOS!$F$30="OK - 100%")),"", (E2068*PAINEL_PESOS!$B$7+F2068*PAINEL_PESOS!$B$8+G2068*PAINEL_PESOS!$B$9+H2068*PAINEL_PESOS!$B$10)*I2068) | L2068: =IF(K2068="","",K2068-J2068) | M2068: =IF(L2068="","",ABS(L2068)) | N2068: 1 | O2068: 0.9877 | P2068: 0.45195354 | Q2068: 0 | R2068: 0.31320902 | S2068: 0.83433529 | T2068: 1 | V2068: 0.24597392
A2069: 2919959 | B2069: Maetinga | C2069: BA | D2069: REGIÃO NORDESTE | E2069: =SUMPRODUCT(N2069:Q2069,PAINEL_PESOS!$C$16:$C$19) | F2069: =SUMPRODUCT(R2069:T2069,PAINEL_PESOS!$C$21:$C$23) | G2069: =SUMPRODUCT(U2069:V2069,PAINEL_PESOS!$C$25:$C$26) | H2069: =SUMPRODUCT(W2069:X2069,PAINEL_PESOS!$C$28:$C$29) | I2069: 0.9896923 | J2069: 0.68418687 | K2069: =IF(NOT(AND(PAINEL_PESOS!$D$12="OK - 100%",PAINEL_PESOS!$F$20="OK - 100%",PAINEL_PESOS!$F$24="OK - 100%",PAINEL_PESOS!$F$27="OK - 100%",PAINEL_PESOS!$F$30="OK - 100%")),"", (E2069*PAINEL_PESOS!$B$7+F2069*PAINEL_PESOS!$B$8+G2069*PAINEL_PESOS!$B$9+H2069*PAINEL_PESOS!$B$10)*I2069) | L2069: =IF(K2069="","",K2069-J2069) | M2069: =IF(L2069="","",ABS(L2069)) | N2069: 1 | O2069: 0.9494 | P2069: 0.7937698 | Q2069: 0.98589891 | R2069: 0.11031107 | S2069: 0.99946608 | T2069: 0.95728811 | U2069: 0.57620028 | V2069: 0.58691625 | W2069: 0.57115959 | X2069: 0.55364768
...

Sheet RESULTADOS_OTTO_N4
A1: wts_pk | B1: Humana ponderada | C1: Econômica ponderada | D1: Ecossistêmica ponderada | E1: Resiliência ponderada | F1: Fator Q95 | G1: ISH Beta 25/25/25/25 | H1: ISH com pesos escolhidos | I1: Diferença vs Beta | J1: Diferença absoluta | K1: Abastecimento | L1: Potabilidade | M1: Perdas_inv | N1: Seg_humana_hidrica | O1: PIB | P1: Seg_industrial | Q1: Seg_agro | R1: Cobertura_florestal | S1: DBO_inv | T1: SPI12 | U1: CV_pluv_inv
A2: 1349205 | B2: =SUMPRODUCT(K2:N2,PAINEL_PESOS!$C$16:$C$19) | C2: =SUMPRODUCT(O2:Q2,PAINEL_PESOS!$C$21:$C$23) | D2: =SUMPRODUCT(R2:S2,PAINEL_PESOS!$C$25:$C$26) | E2: =SUMPRODUCT(T2:U2,PAINEL_PESOS!$C$28:$C$29) | F2: 0.99989072 | G2: 0.65435025 | H2: =IF(NOT(AND(PAINEL_PESOS!$D$12="OK - 100%",PAINEL_PESOS!$F$20="OK - 100%",PAINEL_PESOS!$F$24="OK - 100%",PAINEL_PESOS!$F$27="OK - 100%",PAINEL_PESOS!$F$30="OK - 100%")),"", (B2*PAINEL_PESOS!$B$7+C2*PAINEL_PESOS!$B$8+D2*PAINEL_PESOS!$B$9+E2*PAINEL_PESOS!$B$10)*F2) | I2: =IF(H2="","",H2-G2) | J2: =IF(I2="","",ABS(I2)) | K2: 0.9876203 | L2: 0 | M2: 0.55256653 | N2: 0.99983295 | O2: 0.44654707 | P2: 0.99930162 | Q2: 0.9996947 | R2: 0.72930164 | S2: 0.25018289 | T2: 0.41936848 | U2: 0.936149
A3: 1349345 | B3: =SUMPRODUCT(K3:N3,PAINEL_PESOS!$C$16:$C$19) | C3: =SUMPRODUCT(O3:Q3,PAINEL_PESOS!$C$21:$C$23) | D3: =SUMPRODUCT(R3:S3,PAINEL_PESOS!$C$25:$C$26) | E3: =SUMPRODUCT(T3:U3,PAINEL_PESOS!$C$28:$C$29) | F3: 0.99831672 | G3: 0.60688235 | H3: =IF(NOT(AND(PAINEL_PESOS!$D$12="OK - 100%",PAINEL_PESOS!$F$20="OK - 100%",PAINEL_PESOS!$F$24="OK - 100%",PAINEL_PESOS!$F$27="OK - 100%",PAINEL_PESOS!$F$30="OK - 100%")),"", (B3*PAINEL_PESOS!$B$7+C3*PAINEL_PESOS!$B$8+D3*PAINEL_PESOS!$B$9+E3*PAINEL_PESOS!$B$10)*F3) | I3: =IF(H3="","",H3-G3) | J3: =IF(I3="","",ABS(I3)) | K3: 0.58088076 | L3: 0.49051768 | M3: 0.56076582 | N3: 0.99965466 | O3: 0.30519573 | P3: 0.99993715 | Q3: 0.9920749 | R3: 0.49059402 | S3: 0.080228626 | T3: 0.56538775 | U3: 0.87965332
A4: 1349346 | B4: =SUMPRODUCT(K4:N4,PAINEL_PESOS!$C$16:$C$19) | C4: =SUMPRODUCT(O4:Q4,PAINEL_PESOS!$C$21:$C$23) | D4: =SUMPRODUCT(R4:S4,PAINEL_PESOS!$C$25:$C$26) | E4: =SUMPRODUCT(T4:U4,PAINEL_PESOS!$C$28:$C$29) | F4: 0.99996365 | G4: 0.65073567 | H4: =IF(NOT(AND(PAINEL_PESOS!$D$12="OK - 100%",PAINEL_PESOS!$F$20="OK - 100%",PAINEL_PESOS!$F$24="OK - 100%",PAINEL_PESOS!$F$27="OK - 100%",PAINEL_PESOS!$F$30="OK - 100%")),"", (B4*PAINEL_PESOS!$B$7+C4*PAINEL_PESOS!$B$8+D4*PAINEL_PESOS!$B$9+E4*PAINEL_PESOS!$B$10)*F4) | I4: =IF(H4="","",H4-G4) | J4: =IF(I4="","",ABS(I4)) | K4: 1 | L4: 0.00040714488 | M4: 0.40302659 | N4: 0.99998774 | O4: 0.35030928 | P4: 0.99999989 | Q4: 0.99983407 | R4: 0.25119423 | S4: 0.31354681 | T4: 1 | U4: 0.87286063
A5: 1349347 | B5: =SUMPRODUCT(K5:N5,PAINEL_PESOS!$C$16:$C$19) | C5: =SUMPRODUCT(O5:Q5,PAINEL_PESOS!$C$21:$C$23) | D5: =SUMPRODUCT(R5:S5,PAINEL_PESOS!$C$25:$C$26) | E5: =SUMPRODUCT(T5:U5,PAINEL_PESOS!$C$28:$C$29) | F5: 0.99950632 | G5: 0.6457085 | H5: =IF(NOT(AND(PAINEL_PESOS!$D$12="OK - 100%",PAINEL_PESOS!$F$20="OK - 100%",PAINEL_PESOS!$F$24="OK - 100%",PAINEL_PESOS!$F$27="OK - 100%",PAINEL_PESOS!$F$30="OK - 100%")),"", (B5*PAINEL_PESOS!$B$7+C5*PAINEL_PESOS!$B$8+D5*PAINEL_PESOS!$B$9+E5*PAINEL_PESOS!$B$10)*F5) | I5: =IF(H5="","",H5-G5) | J5: =IF(I5="","",ABS(I5)) | K5: 0.89944563 | L5: 0.1360222 | M5: 0.51980136 | N5: 0.99955895 | O5: 0.38593899 | P5: 0.99958276 | Q5: 0.9979558 | R5: 0.3766196 | S5: 0.35561314 | T5: 0.67628311 | U5: 0.89330445
A6: 1349348 | B6: =SUMPRODUCT(K6:N6,PAINEL_PESOS!$C$16:$C$19) | C6: =SUMPRODUCT(O6:Q6,PAINEL_PESOS!$C$21:$C$23) | D6: =SUMPRODUCT(R6:S6,PAINEL_PESOS!$C$25:$C$26) | E6: =SUMPRODUCT(T6:U6,PAINEL_PESOS!$C$28:$C$29) | F6: 0.9995206 | G6: 0.64186229 | H6: =IF(NOT(AND(PAINEL_PESOS!$D$12="OK - 100%",PAINEL_PESOS!$F$20="OK - 100%",PAINEL_PESOS!$F$24="OK - 100%",PAINEL_PESOS!$F$27="OK - 100%",PAINEL_PESOS!$F$30="OK - 100%")),"", (B6*PAINEL_PESOS!$B$7+C6*PAINEL_PESOS!$B$8+D6*PAINEL_PESOS!$B$9+E6*PAINEL_PESOS!$B$10)*F6) | I6: =IF(H6="","",H6-G6) | J6: =IF(I6="","",ABS(I6)) | K6: 0.2 | L6: 0 | M6: 1 | N6: 0.99649505 | O6: 0.51122472 | P6: 0.99985004 | Q6: 0.999668 | R6: 0.54819324 | S6: 0.5487675 | T6: 0.37890314 | U6: 0.88942125
A7: 1349349 | B7: =SUMPRODUCT(K7:N7,PAINEL_PESOS!$C$16:$C$19) | C7: =SUMPRODUCT(O7:Q7,PAINEL_PESOS!$C$21:$C$23) | D7: =SUMPRODUCT(R7:S7,PAINEL_PESOS!$C$25:$C$26) | E7: =SUMPRODUCT(T7:U7,PAINEL_PESOS!$C$28:$C$29) | F7: 0.99971867 | G7: 0.69049285 | H7: =IF(NOT(AND(PAINEL_PESOS!$D$12="OK - 100%",PAINEL_PESOS!$F$20="OK - 100%",PAINEL_PESOS!$F$24="OK - 100%",PAINEL_PESOS!$F$27="OK - 100%",PAINEL_PESOS!$F$30="OK - 100%")),"", (B7*PAINEL_PESOS!$B$7+C7*PAINEL_PESOS!$B$8+D7*PAINEL_PESOS!$B$9+E7*PAINEL_PESOS!$B$10)*F7) | I7: =IF(H7="","",H7-G7) | J7: =IF(I7="","",ABS(I7)) | K7: 0.37898033 | L7: 0.92080564 | M7: 0.25047651 | N7: 0.99868952 | O7: 0.28236808 | P7: 0.99997326 | Q7: 0.99937709 | R7: 0.65125746 | S7: 0.5387896 | T7: 0.62697218 | U7: 0.91285643
A8: 1349350 | B8: =SUMPRODUCT(K8:N8,PAINEL_PESOS!$C$16:$C$19) | C8: =SUMPRODUCT(O8:Q8,PAINEL_PESOS!$C$21:$C$23) | D8: =SUMPRODUCT(R8:S8,PAINEL_PESOS!$C$25:$C$26) | E8: =SUMPRODUCT(T8:U8,PAINEL_PESOS!$C$28:$C$29) | F8: 0.99993783 | G8: 0.70134292 | H8: =IF(NOT(AND(PAINEL_PESOS!$D$12="OK - 100%",PAINEL_PESOS!$F$20="OK - 100%",PAINEL_PESOS!$F$24="OK - 100%",PAINEL_PESOS!$F$27="OK - 100%",PAINEL_PESOS!$F$30="OK - 100%")),"", (B8*PAINEL_PESOS!$B$7+C8*PAINEL_PESOS!$B$8+D8*PAINEL_PESOS!$B$9+E8*PAINEL_PESOS!$B$10)*F8) | I8: =IF(H8="","",H8-G8) | J8: =IF(I8="","",ABS(I8)) | K8: 0.41400329 | L8: 0.15065665 | M8: 0.87775663 | N8: 0.99959735 | O8: 0.22600327 | P8: 0.99998138 | Q8: 0.99992801 | R8: 0.95979667 | S8: 0.52453292 | T8: 0.55319724 | U8: 0.86861664
A9: 1349351 | B9: =SUMPRODUCT(K9:N9,PAINEL_PESOS!$C$16:$C$19) | C9: =SUMPRODUCT(O9:Q9,PAINEL_PESOS!$C$21:$C$23) | D9: =SUMPRODUCT(R9:S9,PAINEL_PESOS!$C$25:$C$26) | E9: =SUMPRODUCT(T9:U9,PAINEL_PESOS!$C$28:$C$29) | F9: 0.99998379 | G9: 0.74219274 | H9: =IF(NOT(AND(PAINEL_PESOS!$D$12="OK - 100%",PAINEL_PESOS!$F$20="OK - 100%",PAINEL_PESOS!$F$24="OK - 100%",PAINEL_PESOS!$F$27="OK - 100%",PAINEL_PESOS!$F$30="OK - 100%")),"", (B9*PAINEL_PESOS!$B$7+C9*PAINEL_PESOS!$B$8+D9*PAINEL_PESOS!$B$9+E9*PAINEL_PESOS!$B$10)*F9) | I9: =IF(H9="","",H9-G9) | J9: =IF(I9="","",ABS(I9)) | K9: 1 | L9: 0 | M9: 1 | N9: 0.99989913 | O9: 0.25088902 | P9: 0.99992692 | Q9: 0.99999195 | R9: 0.91496373 | S9: 0.53165339 | T9: 0.57273925 | U9: 0.91779366
A10: 1349352 | B10: =SUMPRODUCT(K10:N10,PAINEL_PESOS!$C$16:$C$19) | C10: =SUMPRODUCT(O10:Q10,PAINEL_PESOS!$C$21:$C$23) | D10: =SUMPRODUCT(R10:S10,PAINEL_PESOS!$C$25:$C$26) | E10: =SUMPRODUCT(T10:U10,PAINEL_PESOS!$C$28:$C$29) | F10: 0.99997571 | G10: 0.69394978 | H10: =IF(NOT(AND(PAINEL_PESOS!$D$12="OK - 100%",PAINEL_PESOS!$F$20="OK - 100%",PAINEL_PESOS!$F$24="OK - 100%",PAINEL_PESOS!$F$27="OK - 100%",PAINEL_PESOS!$F$30="OK - 100%")),"", (B10*PAINEL_PESOS!$B$7+C10*PAINEL_PESOS!$B$8+D10*PAINEL_PESOS!$B$9+E10*PAINEL_PESOS!$B$10)*F10) | I10: =IF(H10="","",H10-G10) | J10: =IF(I10="","",ABS(I10)) | K10: 0.45090327 | L10: 0 | M10: 0.99705429 | N10: 0.999846 | O10: 0.23150835 | P10: 0.99998135 | Q10: 0.99997221 | R10: 0.96997018 | S10: 0.40198022 | T10: 0.54630825 | U10: 0.9219314
A11: 1349353 | B11: =SUMPRODUCT(K11:N11,PAINEL_PESOS!$C$16:$C$19) | C11: =SUMPRODUCT(O11:Q11,PAINEL_PESOS!$C$21:$C$23) | D11: =SUMPRODUCT(R11:S11,PAINEL_PESOS!$C$25:$C$26) | E11: =SUMPRODUCT(T11:U11,PAINEL_PESOS!$C$28:$C$29) | F11: 0.99998016 | G11: 0.73165797 | H11: =IF(NOT(AND(PAINEL_PESOS!$D$12="OK - 100%",PAINEL_PESOS!$F$20="OK - 100%",PAINEL_PESOS!$F$24="OK - 100%",PAINEL_PESOS!$F$27="OK - 100%",PAINEL_PESOS!$F$30="OK - 100%")),"", (B11*PAINEL_PESOS!$B$7+C11*PAINEL_PESOS!$B$8+D11*PAINEL_PESOS!$B$9+E11*PAINEL_PESOS!$B$10)*F11) | I11: =IF(H11="","",H11-G11) | J11: =IF(I11="","",ABS(I11)) | K11: 0.90271808 | L11: 0 | M11: 0.99484738 | N11: 0.99988833 | O11: 0.27238502 | P11: 0.99993959 | Q11: 0.99997803 | R11: 0.95294454 | S11: 0.48710926 | T11: 0.53396597 | U11: 0.91576478
A12: 1349354 | B12: =SUMPRODUCT(K12:N12,PAINEL_PESOS!$C$16:$C$19) | C12: =SUMPRODUCT(O12:Q12,PAINEL_PESOS!$C$21:$C$23) | D12: =SUMPRODUCT(R12:S12,PAINEL_PESOS!$C$25:$C$26) | E12: =SUMPRODUCT(T12:U12,PAINEL_PESOS!$C$28:$C$29) | F12: 0.99995872 | G12: 0.68832404 | H12: =IF(NOT(AND(PAINEL_PESOS!$D$12="OK - 100%",PAINEL_PESOS!$F$20="OK - 100%",PAINEL_PESOS!$F$24="OK - 100%",PAINEL_PESOS!$F$27="OK - 100%",PAINEL_PESOS!$F$30="OK - 100%")),"", (B12*PAINEL_PESOS!$B$7+C12*PAINEL_PESOS!$B$8+D12*PAINEL_PESOS!$B$9+E12*PAINEL_PESOS!$B$10)*F12) | I12: =IF(H12="","",H12-G12) | J12: =IF(I12="","",ABS(I12)) | K12: 0.40749113 | L12: 0 | M12: 0.97135628 | N12: 0.99981607 | O12: 0.33951557 | P12: 0.99999444 | Q12: 0.99990446 | R12: 0.94998151 | S12: 0.37505472 | T12: 0.55592991 | U12: 0.87691207
A13: 1349355 | B13: =SUMPRODUCT(K13:N13,PAINEL_PESOS!$C$16:$C$19) | C13: =SUMPRODUCT(O13:Q13,PAINEL_PESOS!$C$21:$C$23) | D13: =SUMPRODUCT(R13:S13,PAINEL_PESOS!$C$25:$C$26) | E13: =SUMPRODUCT(T13:U13,PAINEL_PESOS!$C$28:$C$29) | F13: 0.99995556 | G13: 0.69142805 | H13: =IF(NOT(AND(PAINEL_PESOS!$D$12="OK - 100%",PAINEL_PESOS!$F$20="OK - 100%",PAINEL_PESOS!$F$24="OK - 100%",PAINEL_PESOS!$F$27="OK - 100%",PAINEL_PESOS!$F$30="OK - 100%")),"", (B13*PAINEL_PESOS!$B$7+C13*PAINEL_PESOS!$B$8+D13*PAINEL_PESOS!$B$9+E13*PAINEL_PESOS!$B$10)*F13) | I13: =IF(H13="","",H13-G13) | J13: =IF(I13="","",ABS(I13)) | K13: 0.40968044 | L13: 0 | M13: 0.96873322 | N13: 0.99980303 | O13: 0.34647036 | P13: 0.99999551 | Q13: 0.99989624 | R13: 0.96885954 | S13: 0.35518331 | T13: 0.57751325 | U13: 0.87676443
... A84: 1350935 | B84: =SUMPRODUCT(K84:N84,PAINEL_PESOS!$C$16:$C$19) | C84: =SUMPRODUCT(O84:Q84,PAINEL_PESOS!$C$21:$C$23) | D84: =SUMPRODUCT(R84:S84,PAINEL_PESOS!$C$25:$C$26) | E84: =SUMPRODUCT(T84:U84,PAINEL_PESOS!$C$28:$C$29) | F84: 0.96533027 | G84: 0.59907805 | H84: =IF(NOT(AND(PAINEL_PESOS!$D$12="OK - 100%",PAINEL_PESOS!$F$20="OK - 100%",PAINEL_PESOS!$F$24="OK - 100%",PAINEL_PESOS!$F$27="OK - 100%",PAINEL_PESOS!$F$30="OK - 100%")),"", (B84*PAINEL_PESOS!$B$7+C84*PAINEL_PESOS!$B$8+D84*PAINEL_PESOS!$B$9+E84*PAINEL_PESOS!$B$10)*F84) | I84: =IF(H84="","",H84-G84) | J84: =IF(I84="","",ABS(I84)) | K84: 0.52032379 | L84: 0 | M84: 0.65915619 | N84: 0.99563722 | O84: 0.56644712 | P84: 0.96721019 | Q84: 0.8405915 | R84: 0.32453047 | S84: 0.84787884 | T84: 0.3706371 | U84: 0.75131342
A85: 1349927 | B85: =SUMPRODUCT(K85:N85,PAINEL_PESOS!$C$16:$C$19) | C85: =SUMPRODUCT(O85:Q85,PAINEL_PESOS!$C$21:$C$23) | D85: =SUMPRODUCT(R85:S85,PAINEL_PESOS!$C$25:$C$26) | E85: =SUMPRODUCT(T85:U85,PAINEL_PESOS!$C$28:$C$29) | F85: 0.9997546 | H85: =IF(NOT(AND(PAINEL_PESOS!$D$12="OK - 100%",PAINEL_PESOS!$F$20="OK - 100%",PAINEL_PESOS!$F$24="OK - 100%",PAINEL_PESOS!$F$27="OK - 100%",PAINEL_PESOS!$F$30="OK - 100%")),"", (B85*PAINEL_PESOS!$B$7+C85*PAINEL_PESOS!$B$8+D85*PAINEL_PESOS!$B$9+E85*PAINEL_PESOS!$B$10)*F85) | I85: =IF(H85="","",H85-G85) | J85: =IF(I85="","",ABS(I85)) | K85: 0.2 | L85: 0 | M85: 1 | N85: 0.99797107 | O85: 0.22190574 | P85: 1 | Q85: 0.99994699 | R85: 0.34878724 | S85: 0.61210124 | U85: 0.82609391
A86: 1350936 | B86: =SUMPRODUCT(K86:N86,PAINEL_PESOS!$C$16:$C$19) | C86: =SUMPRODUCT(O86:Q86,PAINEL_PESOS!$C$21:$C$23) | D86: =SUMPRODUCT(R86:S86,PAINEL_PESOS!$C$25:$C$26) | E86: =SUMPRODUCT(T86:U86,PAINEL_PESOS!$C$28:$C$29) | F86: 0.98265978 | G86: 0.62606366 | H86: =IF(NOT(AND(PAINEL_PESOS!$D$12="OK - 100%",PAINEL_PESOS!$F$20="OK - 100%",PAINEL_PESOS!$F$24="OK - 100%",PAINEL_PESOS!$F$27="OK - 100%",PAINEL_PESOS!$F$30="OK - 100%")),"", (B86*PAINEL_PESOS!$B$7+C86*PAINEL_PESOS!$B$8+D86*PAINEL_PESOS!$B$9+E86*PAINEL_PESOS!$B$10)*F86) | I86: =IF(H86="","",H86-G86) | J86: =IF(I86="","",ABS(I86)) | K86: 0.82683495 | L86: 0 | M86: 0.7804823 | N86: 0.997349 | O86: 0.40304741 | P86: 0.98829636 | Q86: 0.91949806 | R86: 0.43682248 | S86: 0.73063492 | T86: 0.31601119 | U86: 0.77052753
A87: 1348880 | B87: =SUMPRODUCT(K87:N87,PAINEL_PESOS!$C$16:$C$19) | C87: =SUMPRODUCT(O87:Q87,PAINEL_PESOS!$C$21:$C$23) | D87: =SUMPRODUCT(R87:S87,PAINEL_PESOS!$C$25:$C$26) | E87: =SUMPRODUCT(T87:U87,PAINEL_PESOS!$C$28:$C$29) | F87: 0.99987109 | G87: 0.61632943 | H87: =IF(NOT(AND(PAINEL_PESOS!$D$12="OK - 100%",PAINEL_PESOS!$F$20="OK - 100%",PAINEL_PESOS!$F$24="OK - 100%",PAINEL_PESOS!$F$27="OK - 100%",PAINEL_PESOS!$F$30="OK - 100%")),"", (B87*PAINEL_PESOS!$B$7+C87*PAINEL_PESOS!$B$8+D87*PAINEL_PESOS!$B$9+E87*PAINEL_PESOS!$B$10)*F87) | I87: =IF(H87="","",H87-G87) | J87: =IF(I87="","",ABS(I87)) | K87: 0.2 | L87: 0 | M87: 0.24326629 | N87: 0.99898516 | O87: 0.33205015 | P87: 0.99999004 | Q87: 0.99996417 | R87: 0.99723074 | S87: 0.43442923 | T87: 0.36063911 | U87: 0.86317675
A88: 1350937 | B88: =SUMPRODUCT(K88:N88,PAINEL_PESOS!$C$16:$C$19) | C88: =SUMPRODUCT(O88:Q88,PAINEL_PESOS!$C$21:$C$23) | D88: =SUMPRODUCT(R88:S88,PAINEL_PESOS!$C$25:$C$26) | E88: =SUMPRODUCT(T88:U88,PAINEL_PESOS!$C$28:$C$29) | F88: 0.97708499 | G88: 0.61639991 | H88: =IF(NOT(AND(PAINEL_PESOS!$D$12="OK - 100%",PAINEL_PESOS!$F$20="OK - 100%",PAINEL_PESOS!$F$24="OK - 100%",PAINEL_PESOS!$F$27="OK - 100%",PAINEL_PESOS!$F$30="OK - 100%")),"", (B88*PAINEL_PESOS!$B$7+C88*PAINEL_PESOS!$B$8+D88*PAINEL_PESOS!$B$9+E88*PAINEL_PESOS!$B$10)*F88) | I88: =IF(H88="","",H88-G88) | J88: =IF(I88="","",ABS(I88)) | K88: 0.64171534 | L88: 0 | M88: 0.70726713 | N88: 0.99608859 | O88: 0.4696468 | P88: 0.99446547 | Q88: 0.89330744 | R88: 0.41128986 | S88: 0.84563821 | T88: 0.30150542 | U88: 0.74426565
A89: 1350938 | B89: =SUMPRODUCT(K89:N89,PAINEL_PESOS!$C$16:$C$19) | C89: =SUMPRODUCT(O89:Q89,PAINEL_PESOS!$C$21:$C$23) | D89: =SUMPRODUCT(R89:S89,PAINEL_PESOS!$C$25:$C$26) | E89: =SUMPRODUCT(T89:U89,PAINEL_PESOS!$C$28:$C$29) | F89: 0.98335607 | G89: 0.61002252 | H89: =IF(NOT(AND(PAINEL_PESOS!$D$12="OK - 100%",PAINEL_PESOS!$F$20="OK - 100%",PAINEL_PESOS!$F$24="OK - 100%",PAINEL_PESOS!$F$27="OK - 100%",PAINEL_PESOS!$F$30="OK - 100%")),"", (B89*PAINEL_PESOS!$B$7+C89*PAINEL_PESOS!$B$8+D89*PAINEL_PESOS!$B$9+E89*PAINEL_PESOS!$B$10)*F89) | I89: =IF(H89="","",H89-G89) | J89: =IF(I89="","",ABS(I89)) | K89: 0.51274013 | L89: 0 | M89: 0.68098439 | N89: 0.98006245 | O89: 0.4140927 | P89: 0.99261282 | Q89: 0.93088055 | R89: 0.52395096 | S89: 0.83941298 | T89: 0.42382526 | U89: 0.53030688
A90: 1350939 | B90: =SUMPRODUCT(K90:N90,PAINEL_PESOS!$C$16:$C$19) | C90: =SUMPRODUCT(O90:Q90,PAINEL_PESOS!$C$21:$C$23) | D90: =SUMPRODUCT(R90:S90,PAINEL_PESOS!$C$25:$C$26) | E90: =SUMPRODUCT(T90:U90,PAINEL_PESOS!$C$28:$C$29) | F90: 0.97496122 | G90: 0.55517528 | H90: =IF(NOT(AND(PAINEL_PESOS!$D$12="OK - 100%",PAINEL_PESOS!$F$20="OK - 100%",PAINEL_PESOS!$F$24="OK - 100%",PAINEL_PESOS!$F$27="OK - 100%",PAINEL_PESOS!$F$30="OK - 100%")),"", (B90*PAINEL_PESOS!$B$7+C90*PAINEL_PESOS!$B$8+D90*PAINEL_PESOS!$B$9+E90*PAINEL_PESOS!$B$10)*F90) | I90: =IF(H90="","",H90-G90) | J90: =IF(I90="","",ABS(I90)) | K90: 0.6379898 | L90: 0 | M90: 0.64712566 | N90: 0.96605632 | O90: 0.39565821 | P90: 0.9693035 | Q90: 0.90016627 | R90: 0.42011321 | S90: 0.43842295 | T90: 0.40261879 | U90: 0.65863937
A91: 1350940 | B91: =SUMPRODUCT(K91:N91,PAINEL_PESOS!$C$16:$C$19) | C91: =SUMPRODUCT(O91:Q91,PAINEL_PESOS!$C$21:$C$23) | D91: =SUMPRODUCT(R91:S91,PAINEL_PESOS!$C$25:$C$26) | E91: =SUMPRODUCT(T91:U91,PAINEL_PESOS!$C$28:$C$29) | F91: 0.9820394 | G91: 0.63444527 | H91: =IF(NOT(AND(PAINEL_PESOS!$D$12="OK - 100%",PAINEL_PESOS!$F$20="OK - 100%",PAINEL_PESOS!$F$24="OK - 100%",PAINEL_PESOS!$F$27="OK - 100%",PAINEL_PESOS!$F$30="OK - 100%")),"", (B91*PAINEL_PESOS!$B$7+C91*PAINEL_PESOS!$B$8+D91*PAINEL_PESOS!$B$9+E91*PAINEL_PESOS!$B$10)*F91) | I91: =IF(H91="","",H91-G91) | J91: =IF(I91="","",ABS(I91)) | K91: 0.88815942 | L91: 0 | M91: 0.58235611 | N91: 0.99546003 | O91: 0.3501426 | P91: 0.99281461 | Q91: 0.91668057 | R91: 0.50933697 | S91: 0.84017709 | T91: 0.44140309 | U91: 0.63805945
A92: 1350941 | B92: =SUMPRODUCT(K92:N92,PAINEL_PESOS!$C$16:$C$19) | C92: =SUMPRODUCT(O92:Q92,PAINEL_PESOS!$C$21:$C$23) | D92: =SUMPRODUCT(R92:S92,PAINEL_PESOS!$C$25:$C$26) | E92: =SUMPRODUCT(T92:U92,PAINEL_PESOS!$C$28:$C$29) | F92: 0.97335556 | G92: 0.57320343 | H92: =IF(NOT(AND(PAINEL_PESOS!$D$12="OK - 100%",PAINEL_PESOS!$F$20="OK - 100%",PAINEL_PESOS!$F$24="OK - 100%",PAINEL_PESOS!$F$27="OK - 100%",PAINEL_PESOS!$F$30="OK - 100%")),"", (B92*PAINEL_PESOS!$B$7+C92*PAINEL_PESOS!$B$8+D92*PAINEL_PESOS!$B$9+E92*PAINEL_PESOS!$B$10)*F92) | I92: =IF(H92="","",H92-G92) | J92: =IF(I92="","",ABS(I92)) | K92: 0.6177618 | L92: 0 | M92: 0.66642126 | N92: 0.88252096 | O92: 0.50350868 | P92: 0.95066321 | Q92: 0.97019361 | R92: 0.3067833 | S92: 0.60163306 | T92: 0.39077097 | U92: 0.71237048
A93: 1350942 | B93: =SUMPRODUCT(K93:N93,PAINEL_PESOS!$C$16:$C$19) | C93: =SUMPRODUCT(O93:Q93,PAINEL_PESOS!$C$21:$C$23) | D93: =SUMPRODUCT(R93:S93,PAINEL_PESOS!$C$25:$C$26) | E93: =SUMPRODUCT(T93:U93,PAINEL_PESOS!$C$28:$C$29) | F93: 0.98836176 | G93: 0.61444508 | H93: =IF(NOT(AND(PAINEL_PESOS!$D$12="OK - 100%",PAINEL_PESOS!$F$20="OK - 100%",PAINEL_PESOS!$F$24="OK - 100%",PAINEL_PESOS!$F$27="OK - 100%",PAINEL_PESOS!$F$30="OK - 100%")),"", (B93*PAINEL_PESOS!$B$7+C93*PAINEL_PESOS!$B$8+D93*PAINEL_PESOS!$B$9+E93*PAINEL_PESOS!$B$10)*F93) | I93: =IF(H93="","",H93-G93) | J93: =IF(I93="","",ABS(I93)) | K93: 0.64262318 | L93: 0 | M93: 0.71039798 | N93: 0.99347533 | O93: 0.38258201 | P93: 0.99256136 | Q93: 0.94845677 | R93: 0.32724036 | S93: 0.82026076 | T93: 0.3662954 | U93: 0.73733123
A94: 1350943 | B94: =SUMPRODUCT(K94:N94,PAINEL_PESOS!$C$16:$C$19) | C94: =SUMPRODUCT(O94:Q94,PAINEL_PESOS!$C$21:$C$23) | D94: =SUMPRODUCT(R94:S94,PAINEL_PESOS!$C$25:$C$26) | E94: =SUMPRODUCT(T94:U94,PAINEL_PESOS!$C$28:$C$29) | F94: 0.96184678 | G94: 0.57090261 | H94: =IF(NOT(AND(PAINEL_PESOS!$D$12="OK - 100%",PAINEL_PESOS!$F$20="OK - 100%",PAINEL_PESOS!$F$24="OK - 100%",PAINEL_PESOS!$F$27="OK - 100%",PAINEL_PESOS!$F$30="OK - 100%")),"", (B94*PAINEL_PESOS!$B$7+C94*PAINEL_PESOS!$B$8+D94*PAINEL_PESOS!$B$9+E94*PAINEL_PESOS!$B$10)*F94) | I94: =IF(H94="","",H94-G94) | J94: =IF(I94="","",ABS(I94)) | K94: 0.63953449 | L94: 0 | M94: 0.66612381 | N94: 0.8917769 | O94: 0.50647999 | P94: 0.89264501 | Q94: 0.96106731 | R94: 0.26418932 | S94: 0.71175856 | T94: 0.31919309 | U94: 0.78106703
A95: 1350944 | B95: =SUMPRODUCT(K95:N95,PAINEL_PESOS!$C$16:$C$19) | C95: =SUMPRODUCT(O95:Q95,PAINEL_PESOS!$C$21:$C$23) | D95: =SUMPRODUCT(R95:S95,PAINEL_PESOS!$C$25:$C$26) | E95: =SUMPRODUCT(T95:U95,PAINEL_PESOS!$C$28:$C$29) | F95: 0.99343872 | G95: 0.58822328 | H95: =IF(NOT(AND(PAINEL_PESOS!$D$12="OK - 100%",PAINEL_PESOS!$F$20="OK - 100%",PAINEL_PESOS!$F$24="OK - 100%",PAINEL_PESOS!$F$27="OK - 100%",PAINEL_PESOS!$F$30="OK - 100%")),"", (B95*PAINEL_PESOS!$B$7+C95*PAINEL_PESOS!$B$8+D95*PAINEL_PESOS!$B$9+E95*PAINEL_PESOS!$B$10)*F95) | I95: =IF(H95="","",H95-G95) | J95: =IF(I95="","",ABS(I95)) | K95: 0.6807472 | L95: 0 | M95: 0.69702386 | N95: 0.99520099 | O95: 0.29186481 | P95: 0.9882768 | Q95: 0.97296588 | R95: 0.21726685 | S95: 0.7333559 | T95: 0.36521359 | U95: 0.7324721
A96: 1350945 | B96: =SUMPRODUCT(K96:N96,PAINEL_PESOS!$C$16:$C$19) | C96: =SUMPRODUCT(O96:Q96,PAINEL_PESOS!$C$21:$C$23) | D96: =SUMPRODUCT(R96:S96,PAINEL_PESOS!$C$25:$C$26) | E96: =SUMPRODUCT(T96:U96,PAINEL_PESOS!$C$28:$C$29) | F96: 0.98865032 | G96: 0.50645635 | H96: =IF(NOT(AND(PAINEL_PESOS!$D$12="OK - 100%",PAINEL_PESOS!$F$20="OK - 100%",PAINEL_PESOS!$F$24="OK - 100%",PAINEL_PESOS!$F$27="OK - 100%",PAINEL_PESOS!$F$30="OK - 100%")),"", (B96*PAINEL_PESOS!$B$7+C96*PAINEL_PESOS!$B$8+D96*PAINEL_PESOS!$B$9+E96*PAINEL_PESOS!$B$10)*F96) | I96: =IF(H96="","",H96-G96) | J96: =IF(I96="","",ABS(I96)) | K96: 0.7538647 | L96: 0 | M96: 0.71517357 | N96: 0.9661318 | O96: 0.41967073 | P96: 0.93086002 | Q96: 0.97848017 | R96: 0.2270063 | S96: 0 | T96: 0.31588009 | U96: 0.78501831
A97: 1350946 | B97: =SUMPRODUCT(K97:N97,PAINEL_PESOS!$C$16:$C$19) | C97: =SUMPRODUCT(O97:Q97,PAINEL_PESOS!$C$21:$C$23) | D97: =SUMPRODUCT(R97:S97,PAINEL_PESOS!$C$25:$C$26) | E97: =SUMPRODUCT(T97:U97,PAINEL_PESOS!$C$28:$C$29) | F97: 0.9969672 | G97: 0.59780119 | H97: =IF(NOT(AND(PAINEL_PESOS!$D$12="OK - 100%",PAINEL_PESOS!$F$20="OK - 100%",PAINEL_PESOS!$F$24="OK - 100%",PAINEL_PESOS!$F$27="OK - 100%",PAINEL_PESOS!$F$30="OK - 100%")),"", (B97*PAINEL_PESOS!$B$7+C97*PAINEL_PESOS!$B$8+D97*PAINEL_PESOS!$B$9+E97*PAINEL_PESOS!$B$10)*F97) | I97: =IF(H97="","",H97-G97) | J97: =IF(I97="","",ABS(I97)) | K97: 0.76557714 | L97: 0 | M97: 0.69114233 | N97: 0.99436056 | O97: 0.32548226 | P97: 0.99071661 | Q97: 0.99031223 | R97: 0.20934959 | S97: 0.7101517 | T97: 0.31966263 | U97: 0.79457978
... A121: 1350970 | B121: =SUMPRODUCT(K121:N121,PAINEL_PESOS!$C$16:$C$19) | C121: =SUMPRODUCT(O121:Q121,PAINEL_PESOS!$C$21:$C$23) | D121: =SUMPRODUCT(R121:S121,PAINEL_PESOS!$C$25:$C$26) | E121: =SUMPRODUCT(T121:U121,PAINEL_PESOS!$C$28:$C$29) | F121: 0.82123714 | G121: 0.34493308 | H121: =IF(NOT(AND(PAINEL_PESOS!$D$12="OK - 100%",PAINEL_PESOS!$F$20="OK - 100%",PAINEL_PESOS!$F$24="OK - 100%",PAINEL_PESOS!$F$27="OK - 100%",PAINEL_PESOS!$F$30="OK - 100%")),"", (B121*PAINEL_PESOS!$B$7+C121*PAINEL_PESOS!$B$8+D121*PAINEL_PESOS!$B$9+E121*PAINEL_PESOS!$B$10)*F121) | I121: =IF(H121="","",H121-G121) | J121: =IF(I121="","",ABS(I121)) | K121: 0.8476251 | L121: 0 | M121: 0.54323353 | N121: 0 | O121: 0.53027008 | P121: 0 | Q121: 0.75087963 | R121: 0.23990107 | S121: 0.22159708 | T121: 0.65226772 | U121: 0.69683635
A122: 1350971 | B122: =SUMPRODUCT(K122:N122,PAINEL_PESOS!$C$16:$C$19) | C122: =SUMPRODUCT(O122:Q122,PAINEL_PESOS!$C$21:$C$23) | D122: =SUMPRODUCT(R122:S122,PAINEL_PESOS!$C$25:$C$26) | E122: =SUMPRODUCT(T122:U122,PAINEL_PESOS!$C$28:$C$29) | F122: 0.78146905 | H122: =IF(NOT(AND(PAINEL_PESOS!$D$12="OK - 100%",PAINEL_PESOS!$F$20="OK - 100%",PAINEL_PESOS!$F$24="OK - 100%",PAINEL_PESOS!$F$27="OK - 100%",PAINEL_PESOS!$F$30="OK - 100%")),"", (B122*PAINEL_PESOS!$B$7+C122*PAINEL_PESOS!$B$8+D122*PAINEL_PESOS!$B$9+E122*PAINEL_PESOS!$B$10)*F122) | I122: =IF(H122="","",H122-G122) | J122: =IF(I122="","",ABS(I122)) | K122: 1 | L122: 0 | M122: 0.36050698 | N122: 0 | O122: 0.78172324 | P122: 0 | Q122: 0.92193267 | R122: 0 | S122: 0.35147812 | U122: 0.82609391
A123: 1350972 | B123: =SUMPRODUCT(K123:N123,PAINEL_PESOS!$C$16:$C$19) | C123: =SUMPRODUCT(O123:Q123,PAINEL_PESOS!$C$21:$C$23) | D123: =SUMPRODUCT(R123:S123,PAINEL_PESOS!$C$25:$C$26) | E123: =SUMPRODUCT(T123:U123,PAINEL_PESOS!$C$28:$C$29) | F123: 0.75 | G123: 0.30653718 | H123: =IF(NOT(AND(PAINEL_PESOS!$D$12="OK - 100%",PAINEL_PESOS!$F$20="OK - 100%",PAINEL_PESOS!$F$24="OK - 100%",PAINEL_PESOS!$F$27="OK - 100%",PAINEL_PESOS!$F$30="OK - 100%")),"", (B123*PAINEL_PESOS!$B$7+C123*PAINEL_PESOS!$B$8+D123*PAINEL_PESOS!$B$9+E123*PAINEL_PESOS!$B$10)*F123) | I123: =IF(H123="","",H123-G123) | J123: =IF(I123="","",ABS(I123)) | K123: 0.66024436 | L123: 0 | M123: 0.44848665 | N123: 0 | O123: 0.66287188 | P123: 0 | Q123: 0.71606225 | R123: 0.18260179 | S123: 0.3067295 | T123: 0.65935051 | U123: 0.64739316
A124: 1350973 | B124: =SUMPRODUCT(K124:N124,PAINEL_PESOS!$C$16:$C$19) | C124: =SUMPRODUCT(O124:Q124,PAINEL_PESOS!$C$21:$C$23) | D124: =SUMPRODUCT(R124:S124,PAINEL_PESOS!$C$25:$C$26) | E124: =SUMPRODUCT(T124:U124,PAINEL_PESOS!$C$28:$C$29) | F124: 0.75 | G124: 0.30911466 | H124: =IF(NOT(AND(PAINEL_PESOS!$D$12="OK - 100%",PAINEL_PESOS!$F$20="OK - 100%",PAINEL_PESOS!$F$24="OK - 100%",PAINEL_PESOS!$F$27="OK - 100%",PAINEL_PESOS!$F$30="OK - 100%")),"", (B124*PAINEL_PESOS!$B$7+C124*PAINEL_PESOS!$B$8+D124*PAINEL_PESOS!$B$9+E124*PAINEL_PESOS!$B$10)*F124) | I124: =IF(H124="","",H124-G124) | J124: =IF(I124="","",ABS(I124)) | K124: 0.74186898 | L124: 0 | M124: 0.48387944 | N124: 0 | O124: 0.71059625 | P124: 0 | Q124: 0.39589423 | R124: 0.26256191 | S124: 0.35312324 | T124: 0.64733955 | U124: 0.6836638
A125: 1350974 | B125: =SUMPRODUCT(K125:N125,PAINEL_PESOS!$C$16:$C$19) | C125: =SUMPRODUCT(O125:Q125,PAINEL_PESOS!$C$21:$C$23) | D125: =SUMPRODUCT(R125:S125,PAINEL_PESOS!$C$25:$C$26) | E125: =SUMPRODUCT(T125:U125,PAINEL_PESOS!$C$28:$C$29) | F125: 0.91705764 | G125: 0.53697843 | H125: =IF(NOT(AND(PAINEL_PESOS!$D$12="OK - 100%",PAINEL_PESOS!$F$20="OK - 100%",PAINEL_PESOS!$F$24="OK - 100%",PAINEL_PESOS!$F$27="OK - 100%",PAINEL_PESOS!$F$30="OK - 100%")),"", (B125*PAINEL_PESOS!$B$7+C125*PAINEL_PESOS!$B$8+D125*PAINEL_PESOS!$B$9+E125*PAINEL_PESOS!$B$10)*F125) | I125: =IF(H125="","",H125-G125) | J125: =IF(I125="","",ABS(I125)) | K125: 0.8938523 | L125: 0 | M125: 0.61089532 | N125: 0.56054599 | O125: 0.26259997 | P125: 0.78820998 | Q125: 0.81470171 | R125: 0.3742686 | S125: 0.57749348 | T125: 0.67875507 | U125: 0.77752088
A126: 1350975 | B126: =SUMPRODUCT(K126:N126,PAINEL_PESOS!$C$16:$C$19) | C126: =SUMPRODUCT(O126:Q126,PAINEL_PESOS!$C$21:$C$23) | D126: =SUMPRODUCT(R126:S126,PAINEL_PESOS!$C$25:$C$26) | E126: =SUMPRODUCT(T126:U126,PAINEL_PESOS!$C$28:$C$29) | F126: 0.90660776 | G126: 0.4201691 | H126: =IF(NOT(AND(PAINEL_PESOS!$D$12="OK - 100%",PAINEL_PESOS!$F$20="OK - 100%",PAINEL_PESOS!$F$24="OK - 100%",PAINEL_PESOS!$F$27="OK - 100%",PAINEL_PESOS!$F$30="OK - 100%")),"", (B126*PAINEL_PESOS!$B$7+C126*PAINEL_PESOS!$B$8+D126*PAINEL_PESOS!$B$9+E126*PAINEL_PESOS!$B$10)*F126) | I126: =IF(H126="","",H126-G126) | J126: =IF(I126="","",ABS(I126)) | K126: 0.94309897 | L126: 0 | M126: 0.6841919 | N126: 0.48046661 | O126: 0.43643968 | P126: 0.60195511 | Q126: 0.82231174 | R126: 0.30625733 | S126: 0.030340769 | T126: 0.55094222 | U126: 0.52572524
A127: 1350976 | B127: =SUMPRODUCT(K127:N127,PAINEL_PESOS!$C$16:$C$19) | C127: =SUMPRODUCT(O127:Q127,PAINEL_PESOS!$C$21:$C$23) | D127: =SUMPRODUCT(R127:S127,PAINEL_PESOS!$C$25:$C$26) | E127: =SUMPRODUCT(T127:U127,PAINEL_PESOS!$C$28:$C$29) | F127: 0.946944 | G127: 0.51312498 | H127: =IF(NOT(AND(PAINEL_PESOS!$D$12="OK - 100%",PAINEL_PESOS!$F$20="OK - 100%",PAINEL_PESOS!$F$24="OK - 100%",PAINEL_PESOS!$F$27="OK - 100%",PAINEL_PESOS!$F$30="OK - 100%")),"", (B127*PAINEL_PESOS!$B$7+C127*PAINEL_PESOS!$B$8+D127*PAINEL_PESOS!$B$9+E127*PAINEL_PESOS!$B$10)*F127) | I127: =IF(H127="","",H127-G127) | J127: =IF(I127="","",ABS(I127)) | K127: 1 | L127: 0 | M127: 0.59742094 | N127: 0.79102256 | O127: 0.29501276 | P127: 0.6891484 | Q127: 0.88501739 | R127: 0.24595004 | S127: 0.43868192 | T127: 0.56428815 | U127: 0.64573658
A128: 1350977 | B128: =SUMPRODUCT(K128:N128,PAINEL_PESOS!$C$16:$C$19) | C128: =SUMPRODUCT(O128:Q128,PAINEL_PESOS!$C$21:$C$23) | D128: =SUMPRODUCT(R128:S128,PAINEL_PESOS!$C$25:$C$26) | E128: =SUMPRODUCT(T128:U128,PAINEL_PESOS!$C$28:$C$29) | F128: 0.9544642 | G128: 0.51209713 | H128: =IF(NOT(AND(PAINEL_PESOS!$D$12="OK - 100%",PAINEL_PESOS!$F$20="OK - 100%",PAINEL_PESOS!$F$24="OK - 100%",PAINEL_PESOS!$F$27="OK - 100%",PAINEL_PESOS!$F$30="OK - 100%")),"", (B128*PAINEL_PESOS!$B$7+C128*PAINEL_PESOS!$B$8+D128*PAINEL_PESOS!$B$9+E128*PAINEL_PESOS!$B$10)*F128) | I128: =IF(H128="","",H128-G128) | J128: =IF(I128="","",ABS(I128)) | K128: 0.97819841 | L128: 0 | M128: 0.67272547 | N128: 0.84406888 | O128: 0.24262276 | P128: 0.89463469 | Q128: 0.86670072 | R128: 0.34021257 | S128: 0.37993362 | T128: 0.50619032 | U128: 0.48242204
A129: 1350978 | B129: =SUMPRODUCT(K129:N129,PAINEL_PESOS!$C$16:$C$19) | C129: =SUMPRODUCT(O129:Q129,PAINEL_PESOS!$C$21:$C$23) | D129: =SUMPRODUCT(R129:S129,PAINEL_PESOS!$C$25:$C$26) | E129: =SUMPRODUCT(T129:U129,PAINEL_PESOS!$C$28:$C$29) | F129: 0.95155184 | G129: 0.54185985 | H129: =IF(NOT(AND(PAINEL_PESOS!$D$12="OK - 100%",PAINEL_PESOS!$F$20="OK - 100%",PAINEL_PESOS!$F$24="OK - 100%",PAINEL_PESOS!$F$27="OK - 100%",PAINEL_PESOS!$F$30="OK - 100%")),"", (B129*PAINEL_PESOS!$B$7+C129*PAINEL_PESOS!$B$8+D129*PAINEL_PESOS!$B$9+E129*PAINEL_PESOS!$B$10)*F129) | I129: =IF(H129="","",H129-G129) | J129: =IF(I129="","",ABS(I129)) | K129: 1 | L129: 0 | M129: 0.59677009 | N129: 0.86739896 | O129: 0.24855432 | P129: 0.9778416 | Q129: 0.82656902 | R129: 0.37478177 | S129: 0.48768518 | T129: 0.53114691 | U129: 0.56124706
A130: 1350979 | B130: =SUMPRODUCT(K130:N130,PAINEL_PESOS!$C$16:$C$19) | C130: =SUMPRODUCT(O130:Q130,PAINEL_PESOS!$C$21:$C$23) | D130: =SUMPRODUCT(R130:S130,PAINEL_PESOS!$C$25:$C$26) | E130: =SUMPRODUCT(T130:U130,PAINEL_PESOS!$C$28:$C$29) | F130: 0.96400257 | G130: 0.55929122 | H130: =IF(NOT(AND(PAINEL_PESOS!$D$12="OK - 100%",PAINEL_PESOS!$F$20="OK - 100%",PAINEL_PESOS!$F$24="OK - 100%",PAINEL_PESOS!$F$27="OK - 100%",PAINEL_PESOS!$F$30="OK - 100%")),"", (B130*PAINEL_PESOS!$B$7+C130*PAINEL_PESOS!$B$8+D130*PAINEL_PESOS!$B$9+E130*PAINEL_PESOS!$B$10)*F130) | I130: =IF(H130="","",H130-G130) | J130: =IF(I130="","",ABS(I130)) | K130: 0.90504703 | L130: 0 | M130: 0.67726417 | N130: 0.90482241 | O130: 0.29455771 | P130: 0.91472385 | Q130: 0.88341595 | R130: 0.56259503 | S130: 0.54225017 | T130: 0.4178779 | U130: 0.47998694
A131: 1350980 | B131: =SUMPRODUCT(K131:N131,PAINEL_PESOS!$C$16:$C$19) | C131: =SUMPRODUCT(O131:Q131,PAINEL_PESOS!$C$21:$C$23) | D131: =SUMPRODUCT(R131:S131,PAINEL_PESOS!$C$25:$C$26) | E131: =SUMPRODUCT(T131:U131,PAINEL_PESOS!$C$28:$C$29) | F131: 0.92228891 | G131: 0.53136907 | H131: =IF(NOT(AND(PAINEL_PESOS!$D$12="OK - 100%",PAINEL_PESOS!$F$20="OK - 100%",PAINEL_PESOS!$F$24="OK - 100%",PAINEL_PESOS!$F$27="OK - 100%",PAINEL_PESOS!$F$30="OK - 100%")),"", (B131*PAINEL_PESOS!$B$7+C131*PAINEL_PESOS!$B$8+D131*PAINEL_PESOS!$B$9+E131*PAINEL_PESOS!$B$10)*F131) | I131: =IF(H131="","",H131-G131) | J131: =IF(I131="","",ABS(I131)) | K131: 0.81491289 | L131: 0 | M131: 0.75064248 | N131: 0.95549654 | O131: 0.23795422 | P131: 0.97638589 | Q131: 0.64200095 | R131: 0.56904205 | S131: 0.6098963 | T131: 0.4646349 | U131: 0.46747342
A132: 1350981 | B132: =SUMPRODUCT(K132:N132,PAINEL_PESOS!$C$16:$C$19) | C132: =SUMPRODUCT(O132:Q132,PAINEL_PESOS!$C$21:$C$23) | D132: =SUMPRODUCT(R132:S132,PAINEL_PESOS!$C$25:$C$26) | E132: =SUMPRODUCT(T132:U132,PAINEL_PESOS!$C$28:$C$29) | F132: 0.81610023 | G132: 0.43459059 | H132: =IF(NOT(AND(PAINEL_PESOS!$D$12="OK - 100%",PAINEL_PESOS!$F$20="OK - 100%",PAINEL_PESOS!$F$24="OK - 100%",PAINEL_PESOS!$F$27="OK - 100%",PAINEL_PESOS!$F$30="OK - 100%")),"", (B132*PAINEL_PESOS!$B$7+C132*PAINEL_PESOS!$B$8+D132*PAINEL_PESOS!$B$9+E132*PAINEL_PESOS!$B$10)*F132) | I132: =IF(H132="","",H132-G132) | J132: =IF(I132="","",ABS(I132)) | K132: 0.96532905 | L132: 0 | M132: 0.67510629 | N132: 0.84613793 | O132: 0.19782316 | P132: 0.97858237 | Q132: 0.13708845 | R132: 0.6611243 | S132: 0.61339008 | T132: 0.40401324 | U132: 0.46269182
A133: 1350982 | B133: =SUMPRODUCT(K133:N133,PAINEL_PESOS!$C$16:$C$19) | C133: =SUMPRODUCT(O133:Q133,PAINEL_PESOS!$C$21:$C$23) | D133: =SUMPRODUCT(R133:S133,PAINEL_PESOS!$C$25:$C$26) | E133: =SUMPRODUCT(T133:U133,PAINEL_PESOS!$C$28:$C$29) | F133: 0.93623302 | G133: 0.53765901 | H133: =IF(NOT(AND(PAINEL_PESOS!$D$12="OK - 100%",PAINEL_PESOS!$F$20="OK - 100%",PAINEL_PESOS!$F$24="OK - 100%",PAINEL_PESOS!$F$27="OK - 100%",PAINEL_PESOS!$F$30="OK - 100%")),"", (B133*PAINEL_PESOS!$B$7+C133*PAINEL_PESOS!$B$8+D133*PAINEL_PESOS!$B$9+E133*PAINEL_PESOS!$B$10)*F133) | I133: =IF(H133="","",H133-G133) | J133: =IF(I133="","",ABS(I133)) | K133: 0.89172514 | L133: 0 | M133: 0.80606295 | N133: 0.93789329 | O133: 0.25260344 | P133: 0.90415916 | Q133: 0.72884936 | R133: 0.60035 | S133: 0.58153565 | T133: 0.41042221 | U133: 0.42700918
A134: 1350983 | B134: =SUMPRODUCT(K134:N134,PAINEL_PESOS!$C$16:$C$19) | C134: =SUMPRODUCT(O134:Q134,PAINEL_PESOS!$C$21:$C$23) | D134: =SUMPRODUCT(R134:S134,PAINEL_PESOS!$C$25:$C$26) | E134: =SUMPRODUCT(T134:U134,PAINEL_PESOS!$C$28:$C$29) | F134: 0.8876503 | G134: 0.50508146 | H134: =IF(NOT(AND(PAINEL_PESOS!$D$12="OK - 100%",PAINEL_PESOS!$F$20="OK - 100%",PAINEL_PESOS!$F$24="OK - 100%",PAINEL_PESOS!$F$27="OK - 100%",PAINEL_PESOS!$F$30="OK - 100%")),"", (B134*PAINEL_PESOS!$B$7+C134*PAINEL_PESOS!$B$8+D134*PAINEL_PESOS!$B$9+E134*PAINEL_PESOS!$B$10)*F134) | I134: =IF(H134="","",H134-G134) | J134: =IF(I134="","",ABS(I134)) | K134: 0.70623945 | L134: 0 | M134: 0.58360047 | N134: 0.044910588 | O134: 0.19111718 | P134: 0.97582991 | Q134: 0.98282119 | R134: 0.53561491 | S134: 0.36771077 | T134: 0.78701142 | U134: 0.76118489
... A153: 1351002 | B153: =SUMPRODUCT(K153:N153,PAINEL_PESOS!$C$16:$C$19) | C153: =SUMPRODUCT(O153:Q153,PAINEL_PESOS!$C$21:$C$23) | D153: =SUMPRODUCT(R153:S153,PAINEL_PESOS!$C$25:$C$26) | E153: =SUMPRODUCT(T153:U153,PAINEL_PESOS!$C$28:$C$29) | F153: 0.95334617 | G153: 0.6003585 | H153: =IF(NOT(AND(PAINEL_PESOS!$D$12="OK - 100%",PAINEL_PESOS!$F$20="OK - 100%",PAINEL_PESOS!$F$24="OK - 100%",PAINEL_PESOS!$F$27="OK - 100%",PAINEL_PESOS!$F$30="OK - 100%")),"", (B153*PAINEL_PESOS!$B$7+C153*PAINEL_PESOS!$B$8+D153*PAINEL_PESOS!$B$9+E153*PAINEL_PESOS!$B$10)*F153) | I153: =IF(H153="","",H153-G153) | J153: =IF(I153="","",ABS(I153)) | K153: 0.95434998 | L153: 0 | M153: 0.70474169 | N153: 0.68866336 | O153: 0.50047974 | P153: 0.86710324 | Q153: 0.95696274 | R153: 0.79696247 | S153: 0.54656917 | T153: 0.22007077 | U153: 0.75072851
A154: 1351003 | B154: =SUMPRODUCT(K154:N154,PAINEL_PESOS!$C$16:$C$19) | C154: =SUMPRODUCT(O154:Q154,PAINEL_PESOS!$C$21:$C$23) | D154: =SUMPRODUCT(R154:S154,PAINEL_PESOS!$C$25:$C$26) | E154: =SUMPRODUCT(T154:U154,PAINEL_PESOS!$C$28:$C$29) | F154: 0.97107884 | H154: =IF(NOT(AND(PAINEL_PESOS!$D$12="OK - 100%",PAINEL_PESOS!$F$20="OK - 100%",PAINEL_PESOS!$F$24="OK - 100%",PAINEL_PESOS!$F$27="OK - 100%",PAINEL_PESOS!$F$30="OK - 100%")),"", (B154*PAINEL_PESOS!$B$7+C154*PAINEL_PESOS!$B$8+D154*PAINEL_PESOS!$B$9+E154*PAINEL_PESOS!$B$10)*F154) | I154: =IF(H154="","",H154-G154) | J154: =IF(I154="","",ABS(I154)) | K154: 1 | L154: 0 | M154: 0.57437753 | N154: 0.80560879 | O154: 0.61096878 | P154: 0.91882976 | Q154: 0.97825365 | R154: 0 | S154: 0.30766206 | U154: 0.82609391
A155: 1351004 | B155: =SUMPRODUCT(K155:N155,PAINEL_PESOS!$C$16:$C$19) | C155: =SUMPRODUCT(O155:Q155,PAINEL_PESOS!$C$21:$C$23) | D155: =SUMPRODUCT(R155:S155,PAINEL_PESOS!$C$25:$C$26) | E155: =SUMPRODUCT(T155:U155,PAINEL_PESOS!$C$28:$C$29) | F155: 0.90053569 | G155: 0.49068272 | H155: =IF(NOT(AND(PAINEL_PESOS!$D$12="OK - 100%",PAINEL_PESOS!$F$20="OK - 100%",PAINEL_PESOS!$F$24="OK - 100%",PAINEL_PESOS!$F$27="OK - 100%",PAINEL_PESOS!$F$30="OK - 100%")),"", (B155*PAINEL_PESOS!$B$7+C155*PAINEL_PESOS!$B$8+D155*PAINEL_PESOS!$B$9+E155*PAINEL_PESOS!$B$10)*F155) | I155: =IF(H155="","",H155-G155) | J155: =IF(I155="","",ABS(I155)) | K155: 0.95460651 | L155: 0 | M155: 0.71100916 | N155: 0.41365148 | O155: 0.39235052 | P155: 0.64255144 | Q155: 0.81489177 | R155: 0.39865161 | S155: 0.59596248 | T155: 0.37999146 | U155: 0.71159467
A156: 1351005 | B156: =SUMPRODUCT(K156:N156,PAINEL_PESOS!$C$16:$C$19) | C156: =SUMPRODUCT(O156:Q156,PAINEL_PESOS!$C$21:$C$23) | D156: =SUMPRODUCT(R156:S156,PAINEL_PESOS!$C$25:$C$26) | E156: =SUMPRODUCT(T156:U156,PAINEL_PESOS!$C$28:$C$29) | F156: 0.92874893 | G156: 0.54808916 | H156: =IF(NOT(AND(PAINEL_PESOS!$D$12="OK - 100%",PAINEL_PESOS!$F$20="OK - 100%",PAINEL_PESOS!$F$24="OK - 100%",PAINEL_PESOS!$F$27="OK - 100%",PAINEL_PESOS!$F$30="OK - 100%")),"", (B156*PAINEL_PESOS!$B$7+C156*PAINEL_PESOS!$B$8+D156*PAINEL_PESOS!$B$9+E156*PAINEL_PESOS!$B$10)*F156) | I156: =IF(H156="","",H156-G156) | J156: =IF(I156="","",ABS(I156)) | K156: 1 | L156: 0 | M156: 0.57893877 | N156: 0.53292767 | O156: 0.58856041 | P156: 0.78806016 | Q156: 0.91458274 | R156: 0.70182426 | S156: 0.37682798 | T156: 0.26475831 | U156: 0.7942838
A157: 1351006 | B157: =SUMPRODUCT(K157:N157,PAINEL_PESOS!$C$16:$C$19) | C157: =SUMPRODUCT(O157:Q157,PAINEL_PESOS!$C$21:$C$23) | D157: =SUMPRODUCT(R157:S157,PAINEL_PESOS!$C$25:$C$26) | E157: =SUMPRODUCT(T157:U157,PAINEL_PESOS!$C$28:$C$29) | F157: 0.96867733 | G157: 0.61507567 | H157: =IF(NOT(AND(PAINEL_PESOS!$D$12="OK - 100%",PAINEL_PESOS!$F$20="OK - 100%",PAINEL_PESOS!$F$24="OK - 100%",PAINEL_PESOS!$F$27="OK - 100%",PAINEL_PESOS!$F$30="OK - 100%")),"", (B157*PAINEL_PESOS!$B$7+C157*PAINEL_PESOS!$B$8+D157*PAINEL_PESOS!$B$9+E157*PAINEL_PESOS!$B$10)*F157) | I157: =IF(H157="","",H157-G157) | J157: =IF(I157="","",ABS(I157)) | K157: 0.75434065 | L157: 0 | M157: 0.65917644 | N157: 0.90368737 | O157: 0.24787819 | P157: 0.98817767 | Q157: 0.89664682 | R157: 0.78164714 | S157: 0.56053733 | T157: 0.36698895 | U157: 0.79013816
A158: 1351007 | B158: =SUMPRODUCT(K158:N158,PAINEL_PESOS!$C$16:$C$19) | C158: =SUMPRODUCT(O158:Q158,PAINEL_PESOS!$C$21:$C$23) | D158: =SUMPRODUCT(R158:S158,PAINEL_PESOS!$C$25:$C$26) | E158: =SUMPRODUCT(T158:U158,PAINEL_PESOS!$C$28:$C$29) | F158: 0.96961464 | G158: 0.59805809 | H158: =IF(NOT(AND(PAINEL_PESOS!$D$12="OK - 100%",PAINEL_PESOS!$F$20="OK - 100%",PAINEL_PESOS!$F$24="OK - 100%",PAINEL_PESOS!$F$27="OK - 100%",PAINEL_PESOS!$F$30="OK - 100%")),"", (B158*PAINEL_PESOS!$B$7+C158*PAINEL_PESOS!$B$8+D158*PAINEL_PESOS!$B$9+E158*PAINEL_PESOS!$B$10)*F158) | I158: =IF(H158="","",H158-G158) | J158: =IF(I158="","",ABS(I158)) | K158: 0.91340307 | L158: 0 | M158: 0.72587952 | N158: 0.93091697 | O158: 0.25682541 | P158: 0.99818986 | Q158: 0.88607244 | R158: 0.42206655 | S158: 0.59657604 | T158: 0.41352957 | U158: 0.78973445
A159: 1351008 | B159: =SUMPRODUCT(K159:N159,PAINEL_PESOS!$C$16:$C$19) | C159: =SUMPRODUCT(O159:Q159,PAINEL_PESOS!$C$21:$C$23) | D159: =SUMPRODUCT(R159:S159,PAINEL_PESOS!$C$25:$C$26) | E159: =SUMPRODUCT(T159:U159,PAINEL_PESOS!$C$28:$C$29) | F159: 0.84862931 | G159: 0.48491167 | H159: =IF(NOT(AND(PAINEL_PESOS!$D$12="OK - 100%",PAINEL_PESOS!$F$20="OK - 100%",PAINEL_PESOS!$F$24="OK - 100%",PAINEL_PESOS!$F$27="OK - 100%",PAINEL_PESOS!$F$30="OK - 100%")),"", (B159*PAINEL_PESOS!$B$7+C159*PAINEL_PESOS!$B$8+D159*PAINEL_PESOS!$B$9+E159*PAINEL_PESOS!$B$10)*F159) | I159: =IF(H159="","",H159-G159) | J159: =IF(I159="","",ABS(I159)) | K159: 0.8156824 | L159: 0 | M159: 0.71149827 | N159: 0.81829239 | O159: 0.39537781 | P159: 0.85120742 | Q159: 0.31587516 | R159: 0.50953987 | S159: 0.71822776 | T159: 0.49675461 | U159: 0.63234701
A160: 1351009 | B160: =SUMPRODUCT(K160:N160,PAINEL_PESOS!$C$16:$C$19) | C160: =SUMPRODUCT(O160:Q160,PAINEL_PESOS!$C$21:$C$23) | D160: =SUMPRODUCT(R160:S160,PAINEL_PESOS!$C$25:$C$26) | E160: =SUMPRODUCT(T160:U160,PAINEL_PESOS!$C$28:$C$29) | F160: 0.98559687 | G160: 0.5892552 | H160: =IF(NOT(AND(PAINEL_PESOS!$D$12="OK - 100%",PAINEL_PESOS!$F$20="OK - 100%",PAINEL_PESOS!$F$24="OK - 100%",PAINEL_PESOS!$F$27="OK - 100%",PAINEL_PESOS!$F$30="OK - 100%")),"", (B160*PAINEL_PESOS!$B$7+C160*PAINEL_PESOS!$B$8+D160*PAINEL_PESOS!$B$9+E160*PAINEL_PESOS!$B$10)*F160) | I160: =IF(H160="","",H160-G160) | J160: =IF(I160="","",ABS(I160)) | K160: 0.44327316 | L160: 0 | M160: 0.74435343 | N160: 0.97800435 | O160: 0.25157946 | P160: 0.99833401 | Q160: 0.94352675 | R160: 0.43509975 | S160: 0.57661469 | T160: 0.40001352 | U160: 0.82609391
A161: 1351015 | B161: =SUMPRODUCT(K161:N161,PAINEL_PESOS!$C$16:$C$19) | C161: =SUMPRODUCT(O161:Q161,PAINEL_PESOS!$C$21:$C$23) | D161: =SUMPRODUCT(R161:S161,PAINEL_PESOS!$C$25:$C$26) | E161: =SUMPRODUCT(T161:U161,PAINEL_PESOS!$C$28:$C$29) | F161: 0.98088266 | G161: 0.63384058 | H161: =IF(NOT(AND(PAINEL_PESOS!$D$12="OK - 100%",PAINEL_PESOS!$F$20="OK - 100%",PAINEL_PESOS!$F$24="OK - 100%",PAINEL_PESOS!$F$27="OK - 100%",PAINEL_PESOS!$F$30="OK - 100%")),"", (B161*PAINEL_PESOS!$B$7+C161*PAINEL_PESOS!$B$8+D161*PAINEL_PESOS!$B$9+E161*PAINEL_PESOS!$B$10)*F161) | I161: =IF(H161="","",H161-G161) | J161: =IF(I161="","",ABS(I161)) | K161: 0.60923584 | L161: 0 | M161: 0.76264253 | N161: 0.96759996 | O161: 0.22160985 | P161: 0.99025089 | Q161: 0.92662037 | R161: 0.75695313 | S161: 0.80742755 | T161: 0.41748856 | U161: 0.59229031
A162: 1351016 | B162: =SUMPRODUCT(K162:N162,PAINEL_PESOS!$C$16:$C$19) | C162: =SUMPRODUCT(O162:Q162,PAINEL_PESOS!$C$21:$C$23) | D162: =SUMPRODUCT(R162:S162,PAINEL_PESOS!$C$25:$C$26) | E162: =SUMPRODUCT(T162:U162,PAINEL_PESOS!$C$28:$C$29) | F162: 0.99474761 | G162: 0.62530203 | H162: =IF(NOT(AND(PAINEL_PESOS!$D$12="OK - 100%",PAINEL_PESOS!$F$20="OK - 100%",PAINEL_PESOS!$F$24="OK - 100%",PAINEL_PESOS!$F$27="OK - 100%",PAINEL_PESOS!$F$30="OK - 100%")),"", (B162*PAINEL_PESOS!$B$7+C162*PAINEL_PESOS!$B$8+D162*PAINEL_PESOS!$B$9+E162*PAINEL_PESOS!$B$10)*F162) | I162: =IF(H162="","",H162-G162) | J162: =IF(I162="","",ABS(I162)) | K162: 0.76433554 | L162: 0 | M162: 0.63469568 | N162: 0.99025687 | O162: 0.15925873 | P162: 0.99980646 | Q162: 0.97996369 | R162: 0.60238555 | S162: 0.81851631 | T162: 0.39554292 | U162: 0.59172148
A163: 1351017 | B163: =SUMPRODUCT(K163:N163,PAINEL_PESOS!$C$16:$C$19) | C163: =SUMPRODUCT(O163:Q163,PAINEL_PESOS!$C$21:$C$23) | D163: =SUMPRODUCT(R163:S163,PAINEL_PESOS!$C$25:$C$26) | E163: =SUMPRODUCT(T163:U163,PAINEL_PESOS!$C$28:$C$29) | F163: 0.99448649 | G163: 0.62160367 | H163: =IF(NOT(AND(PAINEL_PESOS!$D$12="OK - 100%",PAINEL_PESOS!$F$20="OK - 100%",PAINEL_PESOS!$F$24="OK - 100%",PAINEL_PESOS!$F$27="OK - 100%",PAINEL_PESOS!$F$30="OK - 100%")),"", (B163*PAINEL_PESOS!$B$7+C163*PAINEL_PESOS!$B$8+D163*PAINEL_PESOS!$B$9+E163*PAINEL_PESOS!$B$10)*F163) | I163: =IF(H163="","",H163-G163) | J163: =IF(I163="","",ABS(I163)) | K163: 0.42069796 | L163: 0 | M163: 0.66237319 | N163: 0.9926095 | O163: 0.27454757 | P163: 0.99570589 | Q163: 0.9781773 | R163: 0.65487688 | S163: 0.79689388 | T163: 0.38622994 | U163: 0.62560421
A164: 1351018 | B164: =SUMPRODUCT(K164:N164,PAINEL_PESOS!$C$16:$C$19) | C164: =SUMPRODUCT(O164:Q164,PAINEL_PESOS!$C$21:$C$23) | D164: =SUMPRODUCT(R164:S164,PAINEL_PESOS!$C$25:$C$26) | E164: =SUMPRODUCT(T164:U164,PAINEL_PESOS!$C$28:$C$29) | F164: 0.99547431 | G164: 0.64562071 | H164: =IF(NOT(AND(PAINEL_PESOS!$D$12="OK - 100%",PAINEL_PESOS!$F$20="OK - 100%",PAINEL_PESOS!$F$24="OK - 100%",PAINEL_PESOS!$F$27="OK - 100%",PAINEL_PESOS!$F$30="OK - 100%")),"", (B164*PAINEL_PESOS!$B$7+C164*PAINEL_PESOS!$B$8+D164*PAINEL_PESOS!$B$9+E164*PAINEL_PESOS!$B$10)*F164) | I164: =IF(H164="","",H164-G164) | J164: =IF(I164="","",ABS(I164)) | K164: 0.81279788 | L164: 0 | M164: 0.72501295 | N164: 0.99314668 | O164: 0.28498453 | P164: 0.9955592 | Q164: 0.98269652 | R164: 0.56671598 | S164: 0.80959638 | T164: 0.38386669 | U164: 0.65396229
A165: 1351019 | B165: =SUMPRODUCT(K165:N165,PAINEL_PESOS!$C$16:$C$19) | C165: =SUMPRODUCT(O165:Q165,PAINEL_PESOS!$C$21:$C$23) | D165: =SUMPRODUCT(R165:S165,PAINEL_PESOS!$C$25:$C$26) | E165: =SUMPRODUCT(T165:U165,PAINEL_PESOS!$C$28:$C$29) | F165: 0.97842413 | G165: 0.59497349 | H165: =IF(NOT(AND(PAINEL_PESOS!$D$12="OK - 100%",PAINEL_PESOS!$F$20="OK - 100%",PAINEL_PESOS!$F$24="OK - 100%",PAINEL_PESOS!$F$27="OK - 100%",PAINEL_PESOS!$F$30="OK - 100%")),"", (B165*PAINEL_PESOS!$B$7+C165*PAINEL_PESOS!$B$8+D165*PAINEL_PESOS!$B$9+E165*PAINEL_PESOS!$B$10)*F165) | I165: =IF(H165="","",H165-G165) | J165: =IF(I165="","",ABS(I165)) | K165: 0.77876015 | L165: 0 | M165: 0.7423618 | N165: 0.9779246 | O165: 0.45112174 | P165: 0.82778887 | Q165: 0.93543724 | R165: 0.32219403 | S165: 0.52712604 | T165: 0.5237995 | U165: 0.76587437
A166: 1351020 | B166: =SUMPRODUCT(K166:N166,PAINEL_PESOS!$C$16:$C$19) | C166: =SUMPRODUCT(O166:Q166,PAINEL_PESOS!$C$21:$C$23) | D166: =SUMPRODUCT(R166:S166,PAINEL_PESOS!$C$25:$C$26) | E166: =SUMPRODUCT(T166:U166,PAINEL_PESOS!$C$28:$C$29) | F166: 0.98950818 | G166: 0.58732391 | H166: =IF(NOT(AND(PAINEL_PESOS!$D$12="OK - 100%",PAINEL_PESOS!$F$20="OK - 100%",PAINEL_PESOS!$F$24="OK - 100%",PAINEL_PESOS!$F$27="OK - 100%",PAINEL_PESOS!$F$30="OK - 100%")),"", (B166*PAINEL_PESOS!$B$7+C166*PAINEL_PESOS!$B$8+D166*PAINEL_PESOS!$B$9+E166*PAINEL_PESOS!$B$10)*F166) | I166: =IF(H166="","",H166-G166) | J166: =IF(I166="","",ABS(I166)) | K166: 0.97410862 | L166: 0 | M166: 0.73963264 | N166: 0.99054602 | O166: 0.3120742 | P166: 0.99798259 | Q166: 0.95461695 | R166: 0.23954192 | S166: 0.37453702 | T166: 0.49762609 | U166: 0.77477956
... A184: 1349825 | B184: =SUMPRODUCT(K184:N184,PAINEL_PESOS!$C$16:$C$19) | C184: =SUMPRODUCT(O184:Q184,PAINEL_PESOS!$C$21:$C$23) | D184: =SUMPRODUCT(R184:S184,PAINEL_PESOS!$C$25:$C$26) | E184: =SUMPRODUCT(T184:U184,PAINEL_PESOS!$C$28:$C$29) | F184: 0.99974648 | G184: 0.61718325 | H184: =IF(NOT(AND(PAINEL_PESOS!$D$12="OK - 100%",PAINEL_PESOS!$F$20="OK - 100%",PAINEL_PESOS!$F$24="OK - 100%",PAINEL_PESOS!$F$27="OK - 100%",PAINEL_PESOS!$F$30="OK - 100%")),"", (B184*PAINEL_PESOS!$B$7+C184*PAINEL_PESOS!$B$8+D184*PAINEL_PESOS!$B$9+E184*PAINEL_PESOS!$B$10)*F184) | I184: =IF(H184="","",H184-G184) | J184: =IF(I184="","",ABS(I184)) | K184: 0.4 | L184: 1 | M184: 0.47647433 | N184: 0.99903726 | O184: 0.21863707 | P184: 1 | Q184: 0.99931253 | R184: 0.058087274 | S184: 0.53247498 | T184: 0.60567306 | U184: 0.82609391
A185: 1349828 | B185: =SUMPRODUCT(K185:N185,PAINEL_PESOS!$C$16:$C$19) | C185: =SUMPRODUCT(O185:Q185,PAINEL_PESOS!$C$21:$C$23) | D185: =SUMPRODUCT(R185:S185,PAINEL_PESOS!$C$25:$C$26) | E185: =SUMPRODUCT(T185:U185,PAINEL_PESOS!$C$28:$C$29) | F185: 1 | H185: =IF(NOT(AND(PAINEL_PESOS!$D$12="OK - 100%",PAINEL_PESOS!$F$20="OK - 100%",PAINEL_PESOS!$F$24="OK - 100%",PAINEL_PESOS!$F$27="OK - 100%",PAINEL_PESOS!$F$30="OK - 100%")),"", (B185*PAINEL_PESOS!$B$7+C185*PAINEL_PESOS!$B$8+D185*PAINEL_PESOS!$B$9+E185*PAINEL_PESOS!$B$10)*F185) | I185: =IF(H185="","",H185-G185) | J185: =IF(I185="","",ABS(I185)) | N185: 1 | P185: 1 | Q185: 1 | R185: 0 | S185: 0.53247671 | U185: 0.82609391
A186: 1349829 | B186: =SUMPRODUCT(K186:N186,PAINEL_PESOS!$C$16:$C$19) | C186: =SUMPRODUCT(O186:Q186,PAINEL_PESOS!$C$21:$C$23) | D186: =SUMPRODUCT(R186:S186,PAINEL_PESOS!$C$25:$C$26) | E186: =SUMPRODUCT(T186:U186,PAINEL_PESOS!$C$28:$C$29) | F186: 0.99686906 | G186: 0.62094533 | H186: =IF(NOT(AND(PAINEL_PESOS!$D$12="OK - 100%",PAINEL_PESOS!$F$20="OK - 100%",PAINEL_PESOS!$F$24="OK - 100%",PAINEL_PESOS!$F$27="OK - 100%",PAINEL_PESOS!$F$30="OK - 100%")),"", (B186*PAINEL_PESOS!$B$7+C186*PAINEL_PESOS!$B$8+D186*PAINEL_PESOS!$B$9+E186*PAINEL_PESOS!$B$10)*F186) | I186: =IF(H186="","",H186-G186) | J186: =IF(I186="","",ABS(I186)) | K186: 0.3451694 | L186: 1 | M186: 0.47834451 | N186: 0.99391614 | O186: 0.21221952 | P186: 0.99988848 | Q186: 0.98823731 | R186: 0.12030351 | S186: 0.5325997 | T186: 0.62039472 | U186: 0.83425479
A187: 1349830 | B187: =SUMPRODUCT(K187:N187,PAINEL_PESOS!$C$16:$C$19) | C187: =SUMPRODUCT(O187:Q187,PAINEL_PESOS!$C$21:$C$23) | D187: =SUMPRODUCT(R187:S187,PAINEL_PESOS!$C$25:$C$26) | E187: =SUMPRODUCT(T187:U187,PAINEL_PESOS!$C$28:$C$29) | F187: 0.9962781 | G187: 0.60342498 | H187: =IF(NOT(AND(PAINEL_PESOS!$D$12="OK - 100%",PAINEL_PESOS!$F$20="OK - 100%",PAINEL_PESOS!$F$24="OK - 100%",PAINEL_PESOS!$F$27="OK - 100%",PAINEL_PESOS!$F$30="OK - 100%")),"", (B187*PAINEL_PESOS!$B$7+C187*PAINEL_PESOS!$B$8+D187*PAINEL_PESOS!$B$9+E187*PAINEL_PESOS!$B$10)*F187) | I187: =IF(H187="","",H187-G187) | J187: =IF(I187="","",ABS(I187)) | K187: 0.20006776 | L187: 0.54944381 | M187: 0.71620316 | N187: 0.99194351 | O187: 0.17138038 | P187: 0.99955778 | Q187: 0.98651363 | R187: 0.16460231 | S187: 0.53250979 | T187: 0.62218425 | U187: 0.85900746
A188: 1349831 | B188: =SUMPRODUCT(K188:N188,PAINEL_PESOS!$C$16:$C$19) | C188: =SUMPRODUCT(O188:Q188,PAINEL_PESOS!$C$21:$C$23) | D188: =SUMPRODUCT(R188:S188,PAINEL_PESOS!$C$25:$C$26) | E188: =SUMPRODUCT(T188:U188,PAINEL_PESOS!$C$28:$C$29) | F188: 0.97611938 | G188: 0.65687479 | H188: =IF(NOT(AND(PAINEL_PESOS!$D$12="OK - 100%",PAINEL_PESOS!$F$20="OK - 100%",PAINEL_PESOS!$F$24="OK - 100%",PAINEL_PESOS!$F$27="OK - 100%",PAINEL_PESOS!$F$30="OK - 100%")),"", (B188*PAINEL_PESOS!$B$7+C188*PAINEL_PESOS!$B$8+D188*PAINEL_PESOS!$B$9+E188*PAINEL_PESOS!$B$10)*F188) | I188: =IF(H188="","",H188-G188) | J188: =IF(I188="","",ABS(I188)) | K188: 0.35009987 | L188: 0.23602064 | M188: 0.83354349 | N188: 0.83109014 | O188: 0.63686069 | P188: 0.95385585 | Q188: 0.98410522 | R188: 0.52581282 | S188: 0.53248857 | T188: 0.59796186 | U188: 0.88537295
A189: 1349832 | B189: =SUMPRODUCT(K189:N189,PAINEL_PESOS!$C$16:$C$19) | C189: =SUMPRODUCT(O189:Q189,PAINEL_PESOS!$C$21:$C$23) | D189: =SUMPRODUCT(R189:S189,PAINEL_PESOS!$C$25:$C$26) | E189: =SUMPRODUCT(T189:U189,PAINEL_PESOS!$C$28:$C$29) | F189: 0.94717404 | G189: 0.62014275 | H189: =IF(NOT(AND(PAINEL_PESOS!$D$12="OK - 100%",PAINEL_PESOS!$F$20="OK - 100%",PAINEL_PESOS!$F$24="OK - 100%",PAINEL_PESOS!$F$27="OK - 100%",PAINEL_PESOS!$F$30="OK - 100%")),"", (B189*PAINEL_PESOS!$B$7+C189*PAINEL_PESOS!$B$8+D189*PAINEL_PESOS!$B$9+E189*PAINEL_PESOS!$B$10)*F189) | I189: =IF(H189="","",H189-G189) | J189: =IF(I189="","",ABS(I189)) | K189: 0.26041785 | L189: 0.823832 | M189: 0.59591177 | N189: 0.58337695 | O189: 0.74528517 | P189: 0.86255841 | Q189: 0.99315902 | R189: 0.34369525 | S189: 0.53260052 | T189: 0.59552216 | U189: 0.90024676
A190: 1349833 | B190: =SUMPRODUCT(K190:N190,PAINEL_PESOS!$C$16:$C$19) | C190: =SUMPRODUCT(O190:Q190,PAINEL_PESOS!$C$21:$C$23) | D190: =SUMPRODUCT(R190:S190,PAINEL_PESOS!$C$25:$C$26) | E190: =SUMPRODUCT(T190:U190,PAINEL_PESOS!$C$28:$C$29) | F190: 0.99512974 | G190: 0.61700614 | H190: =IF(NOT(AND(PAINEL_PESOS!$D$12="OK - 100%",PAINEL_PESOS!$F$20="OK - 100%",PAINEL_PESOS!$F$24="OK - 100%",PAINEL_PESOS!$F$27="OK - 100%",PAINEL_PESOS!$F$30="OK - 100%")),"", (B190*PAINEL_PESOS!$B$7+C190*PAINEL_PESOS!$B$8+D190*PAINEL_PESOS!$B$9+E190*PAINEL_PESOS!$B$10)*F190) | I190: =IF(H190="","",H190-G190) | J190: =IF(I190="","",ABS(I190)) | K190: 0.2 | L190: 1 | M190: 0.47412165 | N190: 0.99482777 | O190: 0.21604858 | P190: 0.99983302 | Q190: 0.97931144 | R190: 0.16649697 | S190: 0.53261994 | T190: 0.61072129 | U190: 0.85243169
A191: 1349834 | B191: =SUMPRODUCT(K191:N191,PAINEL_PESOS!$C$16:$C$19) | C191: =SUMPRODUCT(O191:Q191,PAINEL_PESOS!$C$21:$C$23) | D191: =SUMPRODUCT(R191:S191,PAINEL_PESOS!$C$25:$C$26) | E191: =SUMPRODUCT(T191:U191,PAINEL_PESOS!$C$28:$C$29) | F191: 0.99075032 | G191: 0.66262233 | H191: =IF(NOT(AND(PAINEL_PESOS!$D$12="OK - 100%",PAINEL_PESOS!$F$20="OK - 100%",PAINEL_PESOS!$F$24="OK - 100%",PAINEL_PESOS!$F$27="OK - 100%",PAINEL_PESOS!$F$30="OK - 100%")),"", (B191*PAINEL_PESOS!$B$7+C191*PAINEL_PESOS!$B$8+D191*PAINEL_PESOS!$B$9+E191*PAINEL_PESOS!$B$10)*F191) | I191: =IF(H191="","",H191-G191) | J191: =IF(I191="","",ABS(I191)) | K191: 0.2 | L191: 0.99079962 | M191: 0.4742713 | N191: 0.95072028 | O191: 0.49899693 | P191: 0.98784206 | Q191: 0.98892777 | R191: 0.40529611 | S191: 0.53268078 | T191: 0.56015524 | U191: 0.89392988
A192: 1349835 | B192: =SUMPRODUCT(K192:N192,PAINEL_PESOS!$C$16:$C$19) | C192: =SUMPRODUCT(O192:Q192,PAINEL_PESOS!$C$21:$C$23) | D192: =SUMPRODUCT(R192:S192,PAINEL_PESOS!$C$25:$C$26) | E192: =SUMPRODUCT(T192:U192,PAINEL_PESOS!$C$28:$C$29) | F192: 0.97415519 | G192: 0.63885121 | H192: =IF(NOT(AND(PAINEL_PESOS!$D$12="OK - 100%",PAINEL_PESOS!$F$20="OK - 100%",PAINEL_PESOS!$F$24="OK - 100%",PAINEL_PESOS!$F$27="OK - 100%",PAINEL_PESOS!$F$30="OK - 100%")),"", (B192*PAINEL_PESOS!$B$7+C192*PAINEL_PESOS!$B$8+D192*PAINEL_PESOS!$B$9+E192*PAINEL_PESOS!$B$10)*F192) | I192: =IF(H192="","",H192-G192) | J192: =IF(I192="","",ABS(I192)) | K192: 0.36660482 | L192: 0.36827939 | M192: 0.6959148 | N192: 0.83516257 | O192: 0.58860353 | P192: 0.94572795 | Q192: 0.98005695 | R192: 0.52242908 | S192: 0.53252791 | T192: 0.52332861 | U192: 0.85887661
A193: 1349836 | B193: =SUMPRODUCT(K193:N193,PAINEL_PESOS!$C$16:$C$19) | C193: =SUMPRODUCT(O193:Q193,PAINEL_PESOS!$C$21:$C$23) | D193: =SUMPRODUCT(R193:S193,PAINEL_PESOS!$C$25:$C$26) | E193: =SUMPRODUCT(T193:U193,PAINEL_PESOS!$C$28:$C$29) | F193: 0.99553725 | G193: 0.61344877 | H193: =IF(NOT(AND(PAINEL_PESOS!$D$12="OK - 100%",PAINEL_PESOS!$F$20="OK - 100%",PAINEL_PESOS!$F$24="OK - 100%",PAINEL_PESOS!$F$27="OK - 100%",PAINEL_PESOS!$F$30="OK - 100%")),"", (B193*PAINEL_PESOS!$B$7+C193*PAINEL_PESOS!$B$8+D193*PAINEL_PESOS!$B$9+E193*PAINEL_PESOS!$B$10)*F193) | I193: =IF(H193="","",H193-G193) | J193: =IF(I193="","",ABS(I193)) | K193: 0.2 | L193: 0.46269201 | M193: 0.74882894 | N193: 0.98966119 | O193: 0.29996925 | P193: 0.99855716 | Q193: 0.98436616 | R193: 0.37318061 | S193: 0.53226666 | T193: 0.47416979 | U193: 0.82745321
A194: 1349837 | B194: =SUMPRODUCT(K194:N194,PAINEL_PESOS!$C$16:$C$19) | C194: =SUMPRODUCT(O194:Q194,PAINEL_PESOS!$C$21:$C$23) | D194: =SUMPRODUCT(R194:S194,PAINEL_PESOS!$C$25:$C$26) | E194: =SUMPRODUCT(T194:U194,PAINEL_PESOS!$C$28:$C$29) | F194: 0.99630632 | G194: 0.60102791 | H194: =IF(NOT(AND(PAINEL_PESOS!$D$12="OK - 100%",PAINEL_PESOS!$F$20="OK - 100%",PAINEL_PESOS!$F$24="OK - 100%",PAINEL_PESOS!$F$27="OK - 100%",PAINEL_PESOS!$F$30="OK - 100%")),"", (B194*PAINEL_PESOS!$B$7+C194*PAINEL_PESOS!$B$8+D194*PAINEL_PESOS!$B$9+E194*PAINEL_PESOS!$B$10)*F194) | I194: =IF(H194="","",H194-G194) | J194: =IF(I194="","",ABS(I194)) | K194: 0.20494491 | L194: 0.0030135812 | M194: 0.99498782 | N194: 0.99323661 | O194: 0.2784294 | P194: 0.99989611 | Q194: 0.98626976 | R194: 0.40577688 | S194: 0.54642296 | T194: 0.46637377 | U194: 0.79965392
A195: 1349838 | B195: =SUMPRODUCT(K195:N195,PAINEL_PESOS!$C$16:$C$19) | C195: =SUMPRODUCT(O195:Q195,PAINEL_PESOS!$C$21:$C$23) | D195: =SUMPRODUCT(R195:S195,PAINEL_PESOS!$C$25:$C$26) | E195: =SUMPRODUCT(T195:U195,PAINEL_PESOS!$C$28:$C$29) | F195: 0.99844891 | G195: 0.60890982 | H195: =IF(NOT(AND(PAINEL_PESOS!$D$12="OK - 100%",PAINEL_PESOS!$F$20="OK - 100%",PAINEL_PESOS!$F$24="OK - 100%",PAINEL_PESOS!$F$27="OK - 100%",PAINEL_PESOS!$F$30="OK - 100%")),"", (B195*PAINEL_PESOS!$B$7+C195*PAINEL_PESOS!$B$8+D195*PAINEL_PESOS!$B$9+E195*PAINEL_PESOS!$B$10)*F195) | I195: =IF(H195="","",H195-G195) | J195: =IF(I195="","",ABS(I195)) | K195: 0.36760593 | L195: 0.0048918507 | M195: 0.87559193 | N195: 0.99628872 | O195: 0.41726748 | P195: 0.99977471 | Q195: 0.99602823 | R195: 0.42561011 | S195: 0.5540969 | T195: 0.42259945 | U195: 0.74563676
A196: 1349839 | B196: =SUMPRODUCT(K196:N196,PAINEL_PESOS!$C$16:$C$19) | C196: =SUMPRODUCT(O196:Q196,PAINEL_PESOS!$C$21:$C$23) | D196: =SUMPRODUCT(R196:S196,PAINEL_PESOS!$C$25:$C$26) | E196: =SUMPRODUCT(T196:U196,PAINEL_PESOS!$C$28:$C$29) | F196: 0.9985322 | G196: 0.65080004 | H196: =IF(NOT(AND(PAINEL_PESOS!$D$12="OK - 100%",PAINEL_PESOS!$F$20="OK - 100%",PAINEL_PESOS!$F$24="OK - 100%",PAINEL_PESOS!$F$27="OK - 100%",PAINEL_PESOS!$F$30="OK - 100%")),"", (B196*PAINEL_PESOS!$B$7+C196*PAINEL_PESOS!$B$8+D196*PAINEL_PESOS!$B$9+E196*PAINEL_PESOS!$B$10)*F196) | I196: =IF(H196="","",H196-G196) | J196: =IF(I196="","",ABS(I196)) | K196: 0.68903183 | L196: 0 | M196: 0.64464043 | N196: 0.99683085 | O196: 0.51698316 | P196: 0.99949748 | Q196: 0.99607835 | R196: 0.60235794 | S196: 0.57672531 | T196: 0.43785911 | U196: 0.75682026
A197: 1349840 | B197: =SUMPRODUCT(K197:N197,PAINEL_PESOS!$C$16:$C$19) | C197: =SUMPRODUCT(O197:Q197,PAINEL_PESOS!$C$21:$C$23) | D197: =SUMPRODUCT(R197:S197,PAINEL_PESOS!$C$25:$C$26) | E197: =SUMPRODUCT(T197:U197,PAINEL_PESOS!$C$28:$C$29) | F197: 0.99858819 | G197: 0.68193391 | H197: =IF(NOT(AND(PAINEL_PESOS!$D$12="OK - 100%",PAINEL_PESOS!$F$20="OK - 100%",PAINEL_PESOS!$F$24="OK - 100%",PAINEL_PESOS!$F$27="OK - 100%",PAINEL_PESOS!$F$30="OK - 100%")),"", (B197*PAINEL_PESOS!$B$7+C197*PAINEL_PESOS!$B$8+D197*PAINEL_PESOS!$B$9+E197*PAINEL_PESOS!$B$10)*F197) | I197: =IF(H197="","",H197-G197) | J197: =IF(I197="","",ABS(I197)) | K197: 0.9999553 | L197: 0 | M197: 0.41875035 | N197: 0.99721005 | O197: 0.57129528 | P197: 0.99921522 | Q197: 0.99615465 | R197: 0.74872621 | S197: 0.60843204 | T197: 0.45798176 | U197: 0.72897625
... A200: 1349843 | B200: =SUMPRODUCT(K200:N200,PAINEL_PESOS!$C$16:$C$19) | C200: =SUMPRODUCT(O200:Q200,PAINEL_PESOS!$C$21:$C$23) | D200: =SUMPRODUCT(R200:S200,PAINEL_PESOS!$C$25:$C$26) | E200: =SUMPRODUCT(T200:U200,PAINEL_PESOS!$C$28:$C$29) | F200: 0.99863741 | G200: 0.61592567 | H200: =IF(NOT(AND(PAINEL_PESOS!$D$12="OK - 100%",PAINEL_PESOS!$F$20="OK - 100%",PAINEL_PESOS!$F$24="OK - 100%",PAINEL_PESOS!$F$27="OK - 100%",PAINEL_PESOS!$F$30="OK - 100%")),"", (B200*PAINEL_PESOS!$B$7+C200*PAINEL_PESOS!$B$8+D200*PAINEL_PESOS!$B$9+E200*PAINEL_PESOS!$B$10)*F200) | I200: =IF(H200="","",H200-G200) | J200: =IF(I200="","",ABS(I200)) | K200: 0.48767057 | L200: 0.018066506 | M200: 0.76702006 | N200: 0.99607507 | O200: 0.3718051 | P200: 0.99909792 | Q200: 0.99576196 | R200: 0.42465924 | S200: 0.50860508 | T200: 0.50251716 | U200: 0.78615437
A201: 1349844 | B201: =SUMPRODUCT(K201:N201,PAINEL_PESOS!$C$16:$C$19) | C201: =SUMPRODUCT(O201:Q201,PAINEL_PESOS!$C$21:$C$23) | D201: =SUMPRODUCT(R201:S201,PAINEL_PESOS!$C$25:$C$26) | E201: =SUMPRODUCT(T201:U201,PAINEL_PESOS!$C$28:$C$29) | F201: 0.98151365 | H201: =IF(NOT(AND(PAINEL_PESOS!$D$12="OK - 100%",PAINEL_PESOS!$F$20="OK - 100%",PAINEL_PESOS!$F$24="OK - 100%",PAINEL_PESOS!$F$27="OK - 100%",PAINEL_PESOS!$F$30="OK - 100%")),"", (B201*PAINEL_PESOS!$B$7+C201*PAINEL_PESOS!$B$8+D201*PAINEL_PESOS!$B$9+E201*PAINEL_PESOS!$B$10)*F201) | I201: =IF(H201="","",H201-G201) | J201: =IF(I201="","",ABS(I201)) | K201: 0.2 | L201: 0.82798978 | M201: 0.44156058 | N201: 0.99011815 | O201: 0.43553044 | P201: 0.99345946 | Q201: 0.99847907 | R201: 0 | S201: 0.53268522 | U201: 0.82609391
A202: 1349845 | B202: =SUMPRODUCT(K202:N202,PAINEL_PESOS!$C$16:$C$19) | C202: =SUMPRODUCT(O202:Q202,PAINEL_PESOS!$C$21:$C$23) | D202: =SUMPRODUCT(R202:S202,PAINEL_PESOS!$C$25:$C$26) | E202: =SUMPRODUCT(T202:U202,PAINEL_PESOS!$C$28:$C$29) | F202: 0.93668043 | G202: 0.60431588 | H202: =IF(NOT(AND(PAINEL_PESOS!$D$12="OK - 100%",PAINEL_PESOS!$F$20="OK - 100%",PAINEL_PESOS!$F$24="OK - 100%",PAINEL_PESOS!$F$27="OK - 100%",PAINEL_PESOS!$F$30="OK - 100%")),"", (B202*PAINEL_PESOS!$B$7+C202*PAINEL_PESOS!$B$8+D202*PAINEL_PESOS!$B$9+E202*PAINEL_PESOS!$B$10)*F202) | I202: =IF(H202="","",H202-G202) | J202: =IF(I202="","",ABS(I202)) | K202: 0.2 | L202: 0.0072745419 | M202: 0.46093744 | N202: 0.96289399 | O202: 0.61586645 | P202: 0.971756 | Q202: 0.9975866 | R202: 0.68774834 | S202: 0.5327147 | T202: 0.50357485 | U202: 0.89827734
A203: 1349846 | B203: =SUMPRODUCT(K203:N203,PAINEL_PESOS!$C$16:$C$19) | C203: =SUMPRODUCT(O203:Q203,PAINEL_PESOS!$C$21:$C$23) | D203: =SUMPRODUCT(R203:S203,PAINEL_PESOS!$C$25:$C$26) | E203: =SUMPRODUCT(T203:U203,PAINEL_PESOS!$C$28:$C$29) | F203: 0.99475499 | G203: 0.65841125 | H203: =IF(NOT(AND(PAINEL_PESOS!$D$12="OK - 100%",PAINEL_PESOS!$F$20="OK - 100%",PAINEL_PESOS!$F$24="OK - 100%",PAINEL_PESOS!$F$27="OK - 100%",PAINEL_PESOS!$F$30="OK - 100%")),"", (B203*PAINEL_PESOS!$B$7+C203*PAINEL_PESOS!$B$8+D203*PAINEL_PESOS!$B$9+E203*PAINEL_PESOS!$B$10)*F203) | I203: =IF(H203="","",H203-G203) | J203: =IF(I203="","",ABS(I203)) | K203: 0.42625432 | L203: 0.33257383 | M203: 0.66304357 | N203: 0.99377372 | O203: 0.44178901 | P203: 0.99495045 | Q203: 0.97894754 | R203: 0.57517149 | S203: 0.5973231 | T203: 0.48557157 | U203: 0.81871579
A204: 1349847 | B204: =SUMPRODUCT(K204:N204,PAINEL_PESOS!$C$16:$C$19) | C204: =SUMPRODUCT(O204:Q204,PAINEL_PESOS!$C$21:$C$23) | D204: =SUMPRODUCT(R204:S204,PAINEL_PESOS!$C$25:$C$26) | E204: =SUMPRODUCT(T204:U204,PAINEL_PESOS!$C$28:$C$29) | F204: 0.99214215 | G204: 0.70186282 | H204: =IF(NOT(AND(PAINEL_PESOS!$D$12="OK - 100%",PAINEL_PESOS!$F$20="OK - 100%",PAINEL_PESOS!$F$24="OK - 100%",PAINEL_PESOS!$F$27="OK - 100%",PAINEL_PESOS!$F$30="OK - 100%")),"", (B204*PAINEL_PESOS!$B$7+C204*PAINEL_PESOS!$B$8+D204*PAINEL_PESOS!$B$9+E204*PAINEL_PESOS!$B$10)*F204) | I204: =IF(H204="","",H204-G204) | J204: =IF(I204="","",ABS(I204)) | K204: 0.2 | L204: 0.88774425 | M204: 0.48311791 | N204: 0.9895183 | O204: 0.48163523 | P204: 0.99660293 | Q204: 0.99729152 | R204: 0.79199302 | S204: 0.55649012 | T204: 0.50431141 | U204: 0.87603514
A205: 1349848 | B205: =SUMPRODUCT(K205:N205,PAINEL_PESOS!$C$16:$C$19) | C205: =SUMPRODUCT(O205:Q205,PAINEL_PESOS!$C$21:$C$23) | D205: =SUMPRODUCT(R205:S205,PAINEL_PESOS!$C$25:$C$26) | E205: =SUMPRODUCT(T205:U205,PAINEL_PESOS!$C$28:$C$29) | F205: 0.99903496 | G205: 0.68385774 | H205: =IF(NOT(AND(PAINEL_PESOS!$D$12="OK - 100%",PAINEL_PESOS!$F$20="OK - 100%",PAINEL_PESOS!$F$24="OK - 100%",PAINEL_PESOS!$F$27="OK - 100%",PAINEL_PESOS!$F$30="OK - 100%")),"", (B205*PAINEL_PESOS!$B$7+C205*PAINEL_PESOS!$B$8+D205*PAINEL_PESOS!$B$9+E205*PAINEL_PESOS!$B$10)*F205) | I205: =IF(H205="","",H205-G205) | J205: =IF(I205="","",ABS(I205)) | K205: 0.2 | L205: 0.90703934 | M205: 0.51887086 | N205: 0.99686134 | O205: 0.45559186 | P205: 0.99878618 | Q205: 0.99730882 | R205: 0.56805226 | S205: 0.59644475 | T205: 0.50221174 | U205: 0.86359425
A206: 1349849 | B206: =SUMPRODUCT(K206:N206,PAINEL_PESOS!$C$16:$C$19) | C206: =SUMPRODUCT(O206:Q206,PAINEL_PESOS!$C$21:$C$23) | D206: =SUMPRODUCT(R206:S206,PAINEL_PESOS!$C$25:$C$26) | E206: =SUMPRODUCT(T206:U206,PAINEL_PESOS!$C$28:$C$29) | F206: 0.9988754 | G206: 0.69610939 | H206: =IF(NOT(AND(PAINEL_PESOS!$D$12="OK - 100%",PAINEL_PESOS!$F$20="OK - 100%",PAINEL_PESOS!$F$24="OK - 100%",PAINEL_PESOS!$F$27="OK - 100%",PAINEL_PESOS!$F$30="OK - 100%")),"", (B206*PAINEL_PESOS!$B$7+C206*PAINEL_PESOS!$B$8+D206*PAINEL_PESOS!$B$9+E206*PAINEL_PESOS!$B$10)*F206) | I206: =IF(H206="","",H206-G206) | J206: =IF(I206="","",ABS(I206)) | K206: 0.2 | L206: 0.99359503 | M206: 0.47284014 | N206: 0.99551507 | O206: 0.4533928 | P206: 0.9986798 | Q206: 0.99730564 | R206: 0.65839057 | S206: 0.60129864 | T206: 0.50375923 | U206: 0.84780258
A207: 1349850 | B207: =SUMPRODUCT(K207:N207,PAINEL_PESOS!$C$16:$C$19) | C207: =SUMPRODUCT(O207:Q207,PAINEL_PESOS!$C$21:$C$23) | D207: =SUMPRODUCT(R207:S207,PAINEL_PESOS!$C$25:$C$26) | E207: =SUMPRODUCT(T207:U207,PAINEL_PESOS!$C$28:$C$29) | F207: 0.99857746 | G207: 0.69324637 | H207: =IF(NOT(AND(PAINEL_PESOS!$D$12="OK - 100%",PAINEL_PESOS!$F$20="OK - 100%",PAINEL_PESOS!$F$24="OK - 100%",PAINEL_PESOS!$F$27="OK - 100%",PAINEL_PESOS!$F$30="OK - 100%")),"", (B207*PAINEL_PESOS!$B$7+C207*PAINEL_PESOS!$B$8+D207*PAINEL_PESOS!$B$9+E207*PAINEL_PESOS!$B$10)*F207) | I207: =IF(H207="","",H207-G207) | J207: =IF(I207="","",ABS(I207)) | K207: 0.2 | L207: 0.82790317 | M207: 0.52966579 | N207: 0.99537689 | O207: 0.4226125 | P207: 0.99875611 | Q207: 0.99592364 | R207: 0.74217907 | S207: 0.61701685 | T207: 0.49887771 | U207: 0.80779682
A208: 1349851 | B208: =SUMPRODUCT(K208:N208,PAINEL_PESOS!$C$16:$C$19) | C208: =SUMPRODUCT(O208:Q208,PAINEL_PESOS!$C$21:$C$23) | D208: =SUMPRODUCT(R208:S208,PAINEL_PESOS!$C$25:$C$26) | E208: =SUMPRODUCT(T208:U208,PAINEL_PESOS!$C$28:$C$29) | F208: 0.99902275 | G208: 0.68173027 | H208: =IF(NOT(AND(PAINEL_PESOS!$D$12="OK - 100%",PAINEL_PESOS!$F$20="OK - 100%",PAINEL_PESOS!$F$24="OK - 100%",PAINEL_PESOS!$F$27="OK - 100%",PAINEL_PESOS!$F$30="OK - 100%")),"", (B208*PAINEL_PESOS!$B$7+C208*PAINEL_PESOS!$B$8+D208*PAINEL_PESOS!$B$9+E208*PAINEL_PESOS!$B$10)*F208) | I208: =IF(H208="","",H208-G208) | J208: =IF(I208="","",ABS(I208)) | K208: 0.2 | L208: 1 | M208: 0.46969742 | N208: 0.99707399 | O208: 0.45578317 | P208: 0.99857369 | Q208: 0.9971704 | R208: 0.56105465 | S208: 0.61098507 | T208: 0.50202368 | U208: 0.81737652
A209: 1349852 | B209: =SUMPRODUCT(K209:N209,PAINEL_PESOS!$C$16:$C$19) | C209: =SUMPRODUCT(O209:Q209,PAINEL_PESOS!$C$21:$C$23) | D209: =SUMPRODUCT(R209:S209,PAINEL_PESOS!$C$25:$C$26) | E209: =SUMPRODUCT(T209:U209,PAINEL_PESOS!$C$28:$C$29) | F209: 0.99879244 | G209: 0.68082149 | H209: =IF(NOT(AND(PAINEL_PESOS!$D$12="OK - 100%",PAINEL_PESOS!$F$20="OK - 100%",PAINEL_PESOS!$F$24="OK - 100%",PAINEL_PESOS!$F$27="OK - 100%",PAINEL_PESOS!$F$30="OK - 100%")),"", (B209*PAINEL_PESOS!$B$7+C209*PAINEL_PESOS!$B$8+D209*PAINEL_PESOS!$B$9+E209*PAINEL_PESOS!$B$10)*F209) | I209: =IF(H209="","",H209-G209) | J209: =IF(I209="","",ABS(I209)) | K209: 0.2 | L209: 1 | M209: 0.47000045 | N209: 0.9964972 | O209: 0.44743579 | P209: 0.99813141 | Q209: 0.99645747 | R209: 0.5947651 | S209: 0.62596029 | T209: 0.48936302 | U209: 0.78180322
A210: 1349854 | B210: =SUMPRODUCT(K210:N210,PAINEL_PESOS!$C$16:$C$19) | C210: =SUMPRODUCT(O210:Q210,PAINEL_PESOS!$C$21:$C$23) | D210: =SUMPRODUCT(R210:S210,PAINEL_PESOS!$C$25:$C$26) | E210: =SUMPRODUCT(T210:U210,PAINEL_PESOS!$C$28:$C$29) | F210: 0.93350156 | H210: =IF(NOT(AND(PAINEL_PESOS!$D$12="OK - 100%",PAINEL_PESOS!$F$20="OK - 100%",PAINEL_PESOS!$F$24="OK - 100%",PAINEL_PESOS!$F$27="OK - 100%",PAINEL_PESOS!$F$30="OK - 100%")),"", (B210*PAINEL_PESOS!$B$7+C210*PAINEL_PESOS!$B$8+D210*PAINEL_PESOS!$B$9+E210*PAINEL_PESOS!$B$10)*F210) | I210: =IF(H210="","",H210-G210) | J210: =IF(I210="","",ABS(I210)) | K210: 0.2 | L210: 0.23289394 | M210: 0.31189824 | N210: 0.96661371 | O210: 0.60897523 | P210: 0.97101295 | Q210: 0.99781947 | R210: 0 | S210: 0.5326955 | U210: 0.82609391
A211: 1349855 | B211: =SUMPRODUCT(K211:N211,PAINEL_PESOS!$C$16:$C$19) | C211: =SUMPRODUCT(O211:Q211,PAINEL_PESOS!$C$21:$C$23) | D211: =SUMPRODUCT(R211:S211,PAINEL_PESOS!$C$25:$C$26) | E211: =SUMPRODUCT(T211:U211,PAINEL_PESOS!$C$28:$C$29) | F211: 0.97608306 | H211: =IF(NOT(AND(PAINEL_PESOS!$D$12="OK - 100%",PAINEL_PESOS!$F$20="OK - 100%",PAINEL_PESOS!$F$24="OK - 100%",PAINEL_PESOS!$F$27="OK - 100%",PAINEL_PESOS!$F$30="OK - 100%")),"", (B211*PAINEL_PESOS!$B$7+C211*PAINEL_PESOS!$B$8+D211*PAINEL_PESOS!$B$9+E211*PAINEL_PESOS!$B$10)*F211) | I211: =IF(H211="","",H211-G211) | J211: =IF(I211="","",ABS(I211)) | K211: 0.2 | L211: 0.77021419 | M211: 0.42897216 | N211: 0.98784768 | O211: 0.46703544 | P211: 0.99129573 | Q211: 0.99841988 | R211: 0 | S211: 0.53270575 | U211: 0.82609391
A212: 1348917 | B212: =SUMPRODUCT(K212:N212,PAINEL_PESOS!$C$16:$C$19) | C212: =SUMPRODUCT(O212:Q212,PAINEL_PESOS!$C$21:$C$23) | D212: =SUMPRODUCT(R212:S212,PAINEL_PESOS!$C$25:$C$26) | E212: =SUMPRODUCT(T212:U212,PAINEL_PESOS!$C$28:$C$29) | F212: 0.99680199 | G212: 0.60148001 | H212: =IF(NOT(AND(PAINEL_PESOS!$D$12="OK - 100%",PAINEL_PESOS!$F$20="OK - 100%",PAINEL_PESOS!$F$24="OK - 100%",PAINEL_PESOS!$F$27="OK - 100%",PAINEL_PESOS!$F$30="OK - 100%")),"", (B212*PAINEL_PESOS!$B$7+C212*PAINEL_PESOS!$B$8+D212*PAINEL_PESOS!$B$9+E212*PAINEL_PESOS!$B$10)*F212) | I212: =IF(H212="","",H212-G212) | J212: =IF(I212="","",ABS(I212)) | K212: 0.2 | L212: 0.76265549 | M212: 0.42265174 | N212: 0.97604656 | O212: 0.43118125 | P212: 0.99870336 | Q212: 0.99812447 | R212: 0.40736854 | S212: 0.4504001 | T212: 0.26753294 | U212: 0.9026266
A213: 1348918 | B213: =SUMPRODUCT(K213:N213,PAINEL_PESOS!$C$16:$C$19) | C213: =SUMPRODUCT(O213:Q213,PAINEL_PESOS!$C$21:$C$23) | D213: =SUMPRODUCT(R213:S213,PAINEL_PESOS!$C$25:$C$26) | E213: =SUMPRODUCT(T213:U213,PAINEL_PESOS!$C$28:$C$29) | F213: 0.98892519 | G213: 0.56496558 | H213: =IF(NOT(AND(PAINEL_PESOS!$D$12="OK - 100%",PAINEL_PESOS!$F$20="OK - 100%",PAINEL_PESOS!$F$24="OK - 100%",PAINEL_PESOS!$F$27="OK - 100%",PAINEL_PESOS!$F$30="OK - 100%")),"", (B213*PAINEL_PESOS!$B$7+C213*PAINEL_PESOS!$B$8+D213*PAINEL_PESOS!$B$9+E213*PAINEL_PESOS!$B$10)*F213) | I213: =IF(H213="","",H213-G213) | J213: =IF(I213="","",ABS(I213)) | K213: 0.2 | L213: 0 | M213: 0.18733265 | N213: 0.91936319 | O213: 0.63520339 | P213: 0.9975787 | Q213: 0.99143106 | R213: 0.49272394 | S213: 0.47782311 | T213: 0.28067264 | U213: 0.91629721
A214: 1348919 | B214: =SUMPRODUCT(K214:N214,PAINEL_PESOS!$C$16:$C$19) | C214: =SUMPRODUCT(O214:Q214,PAINEL_PESOS!$C$21:$C$23) | D214: =SUMPRODUCT(R214:S214,PAINEL_PESOS!$C$25:$C$26) | E214: =SUMPRODUCT(T214:U214,PAINEL_PESOS!$C$28:$C$29) | F214: 0.98728186 | G214: 0.56544258 | H214: =IF(NOT(AND(PAINEL_PESOS!$D$12="OK - 100%",PAINEL_PESOS!$F$20="OK - 100%",PAINEL_PESOS!$F$24="OK - 100%",PAINEL_PESOS!$F$27="OK - 100%",PAINEL_PESOS!$F$30="OK - 100%")),"", (B214*PAINEL_PESOS!$B$7+C214*PAINEL_PESOS!$B$8+D214*PAINEL_PESOS!$B$9+E214*PAINEL_PESOS!$B$10)*F214) | I214: =IF(H214="","",H214-G214) | J214: =IF(I214="","",ABS(I214)) | K214: 0.2 | L214: 0 | M214: 0.22183513 | N214: 0.90031292 | O214: 0.48904412 | P214: 0.99217951 | Q214: 0.99514795 | R214: 0.58491496 | S214: 0.47911294 | T214: 0.27819221 | U214: 0.92760422
A215: 1348920 | B215: =SUMPRODUCT(K215:N215,PAINEL_PESOS!$C$16:$C$19) | C215: =SUMPRODUCT(O215:Q215,PAINEL_PESOS!$C$21:$C$23) | D215: =SUMPRODUCT(R215:S215,PAINEL_PESOS!$C$25:$C$26) | E215: =SUMPRODUCT(T215:U215,PAINEL_PESOS!$C$28:$C$29) | F215: 0.98416028 | G215: 0.52685362 | H215: =IF(NOT(AND(PAINEL_PESOS!$D$12="OK - 100%",PAINEL_PESOS!$F$20="OK - 100%",PAINEL_PESOS!$F$24="OK - 100%",PAINEL_PESOS!$F$27="OK - 100%",PAINEL_PESOS!$F$30="OK - 100%")),"", (B215*PAINEL_PESOS!$B$7+C215*PAINEL_PESOS!$B$8+D215*PAINEL_PESOS!$B$9+E215*PAINEL_PESOS!$B$10)*F215) | I215: =IF(H215="","",H215-G215) | J215: =IF(I215="","",ABS(I215)) | K215: 0.2 | L215: 0 | M215: 0.27007476 | N215: 0.87519679 | O215: 0.52592479 | P215: 0.99004299 | Q215: 0.99420932 | R215: 0.2435348 | S215: 0.47835926 | T215: 0.2823942 | U215: 0.93228972
A216: 1348921 | B216: =SUMPRODUCT(K216:N216,PAINEL_PESOS!$C$16:$C$19) | C216: =SUMPRODUCT(O216:Q216,PAINEL_PESOS!$C$21:$C$23) | D216: =SUMPRODUCT(R216:S216,PAINEL_PESOS!$C$25:$C$26) | E216: =SUMPRODUCT(T216:U216,PAINEL_PESOS!$C$28:$C$29) | F216: 0.99567837 | G216: 0.59443823 | H216: =IF(NOT(AND(PAINEL_PESOS!$D$12="OK - 100%",PAINEL_PESOS!$F$20="OK - 100%",PAINEL_PESOS!$F$24="OK - 100%",PAINEL_PESOS!$F$27="OK - 100%",PAINEL_PESOS!$F$30="OK - 100%")),"", (B216*PAINEL_PESOS!$B$7+C216*PAINEL_PESOS!$B$8+D216*PAINEL_PESOS!$B$9+E216*PAINEL_PESOS!$B$10)*F216) | I216: =IF(H216="","",H216-G216) | J216: =IF(I216="","",ABS(I216)) | K216: 0.2 | L216: 0 | M216: 0.14243912 | N216: 0.96724271 | O216: 0.38704211 | P216: 0.99761385 | Q216: 0.99781503 | R216: 0.84611694 | S216: 0.47898204 | T216: 0.27314174 | U216: 0.93475094
A217: 1348922 | B217: =SUMPRODUCT(K217:N217,PAINEL_PESOS!$C$16:$C$19) | C217: =SUMPRODUCT(O217:Q217,PAINEL_PESOS!$C$21:$C$23) | D217: =SUMPRODUCT(R217:S217,PAINEL_PESOS!$C$25:$C$26) | E217: =SUMPRODUCT(T217:U217,PAINEL_PESOS!$C$28:$C$29) | F217: 0.99959149 | G217: 0.61729303 | H217: =IF(NOT(AND(PAINEL_PESOS!$D$12="OK - 100%",PAINEL_PESOS!$F$20="OK - 100%",PAINEL_PESOS!$F$24="OK - 100%",PAINEL_PESOS!$F$27="OK - 100%",PAINEL_PESOS!$F$30="OK - 100%")),"", (B217*PAINEL_PESOS!$B$7+C217*PAINEL_PESOS!$B$8+D217*PAINEL_PESOS!$B$9+E217*PAINEL_PESOS!$B$10)*F217) | I217: =IF(H217="","",H217-G217) | J217: =IF(I217="","",ABS(I217)) | K217: 0.2 | L217: 0 | M217: 0.10760771 | N217: 0.9980345 | O217: 0.28790148 | P217: 0.99999236 | Q217: 0.99917876 | R217: 0.99987259 | S217: 0.47858393 | T217: 0.32339389 | U217: 0.96097587
A218: 1348923 | B218: =SUMPRODUCT(K218:N218,PAINEL_PESOS!$C$16:$C$19) | C218: =SUMPRODUCT(O218:Q218,PAINEL_PESOS!$C$21:$C$23) | D218: =SUMPRODUCT(R218:S218,PAINEL_PESOS!$C$25:$C$26) | E218: =SUMPRODUCT(T218:U218,PAINEL_PESOS!$C$28:$C$29) | F218: 0.99710672 | G218: 0.60777081 | H218: =IF(NOT(AND(PAINEL_PESOS!$D$12="OK - 100%",PAINEL_PESOS!$F$20="OK - 100%",PAINEL_PESOS!$F$24="OK - 100%",PAINEL_PESOS!$F$27="OK - 100%",PAINEL_PESOS!$F$30="OK - 100%")),"", (B218*PAINEL_PESOS!$B$7+C218*PAINEL_PESOS!$B$8+D218*PAINEL_PESOS!$B$9+E218*PAINEL_PESOS!$B$10)*F218) | I218: =IF(H218="","",H218-G218) | J218: =IF(I218="","",ABS(I218)) | K218: 0.2 | L218: 0 | M218: 0.13299615 | N218: 0.97840767 | O218: 0.36678697 | P218: 0.99847208 | Q218: 0.99836015 | R218: 0.92740229 | S218: 0.47836524 | T218: 0.28685578 | U218: 0.95220355
A219: 1348924 | B219: =SUMPRODUCT(K219:N219,PAINEL_PESOS!$C$16:$C$19) | C219: =SUMPRODUCT(O219:Q219,PAINEL_PESOS!$C$21:$C$23) | D219: =SUMPRODUCT(R219:S219,PAINEL_PESOS!$C$25:$C$26) | E219: =SUMPRODUCT(T219:U219,PAINEL_PESOS!$C$28:$C$29) | F219: 0.997063 | G219: 0.61248761 | H219: =IF(NOT(AND(PAINEL_PESOS!$D$12="OK - 100%",PAINEL_PESOS!$F$20="OK - 100%",PAINEL_PESOS!$F$24="OK - 100%",PAINEL_PESOS!$F$27="OK - 100%",PAINEL_PESOS!$F$30="OK - 100%")),"", (B219*PAINEL_PESOS!$B$7+C219*PAINEL_PESOS!$B$8+D219*PAINEL_PESOS!$B$9+E219*PAINEL_PESOS!$B$10)*F219) | I219: =IF(H219="","",H219-G219) | J219: =IF(I219="","",ABS(I219)) | K219: 0.2 | L219: 0 | M219: 0.17514776 | N219: 0.97711081 | O219: 0.37611558 | P219: 0.99884988 | Q219: 0.99892737 | R219: 0.96595837 | S219: 0.4775766 | T219: 0.2562464 | U219: 0.95582838
A220: 1349864 | B220: =SUMPRODUCT(K220:N220,PAINEL_PESOS!$C$16:$C$19) | C220: =SUMPRODUCT(O220:Q220,PAINEL_PESOS!$C$21:$C$23) | D220: =SUMPRODUCT(R220:S220,PAINEL_PESOS!$C$25:$C$26) | E220: =SUMPRODUCT(T220:U220,PAINEL_PESOS!$C$28:$C$29) | F220: 0.92564185 | H220: =IF(NOT(AND(PAINEL_PESOS!$D$12="OK - 100%",PAINEL_PESOS!$F$20="OK - 100%",PAINEL_PESOS!$F$24="OK - 100%",PAINEL_PESOS!$F$27="OK - 100%",PAINEL_PESOS!$F$30="OK - 100%")),"", (B220*PAINEL_PESOS!$B$7+C220*PAINEL_PESOS!$B$8+D220*PAINEL_PESOS!$B$9+E220*PAINEL_PESOS!$B$10)*F220) | I220: =IF(H220="","",H220-G220) | J220: =IF(I220="","",ABS(I220)) | K220: 0.2 | L220: 0.11114021 | M220: 0.28536995 | N220: 0.96196714 | O220: 0.62707986 | P220: 0.96653242 | Q220: 0.99769047 | R220: 0 | S220: 0.53270936 | U220: 0.82609391
A221: 1349377 | B221: =SUMPRODUCT(K221:N221,PAINEL_PESOS!$C$16:$C$19) | C221: =SUMPRODUCT(O221:Q221,PAINEL_PESOS!$C$21:$C$23) | D221: =SUMPRODUCT(R221:S221,PAINEL_PESOS!$C$25:$C$26) | E221: =SUMPRODUCT(T221:U221,PAINEL_PESOS!$C$28:$C$29) | F221: 0.98296868 | G221: 0.73293252 | H221: =IF(NOT(AND(PAINEL_PESOS!$D$12="OK - 100%",PAINEL_PESOS!$F$20="OK - 100%",PAINEL_PESOS!$F$24="OK - 100%",PAINEL_PESOS!$F$27="OK - 100%",PAINEL_PESOS!$F$30="OK - 100%")),"", (B221*PAINEL_PESOS!$B$7+C221*PAINEL_PESOS!$B$8+D221*PAINEL_PESOS!$B$9+E221*PAINEL_PESOS!$B$10)*F221) | I221: =IF(H221="","",H221-G221) | J221: =IF(I221="","",ABS(I221)) | K221: 0.99747788 | L221: 0 | M221: 0.19879099 | N221: 0.95742186 | O221: 0.97843287 | P221: 0.981343 | Q221: 0.99977034 | R221: 0.98068705 | S221: 0.53305109 | T221: 0.57534463 | U221: 0.82609391
A222: 1349378 | B222: =SUMPRODUCT(K222:N222,PAINEL_PESOS!$C$16:$C$19) | C222: =SUMPRODUCT(O222:Q222,PAINEL_PESOS!$C$21:$C$23) | D222: =SUMPRODUCT(R222:S222,PAINEL_PESOS!$C$25:$C$26) | E222: =SUMPRODUCT(T222:U222,PAINEL_PESOS!$C$28:$C$29) | F222: 0.98136596 | G222: 0.73154751 | H222: =IF(NOT(AND(PAINEL_PESOS!$D$12="OK - 100%",PAINEL_PESOS!$F$20="OK - 100%",PAINEL_PESOS!$F$24="OK - 100%",PAINEL_PESOS!$F$27="OK - 100%",PAINEL_PESOS!$F$30="OK - 100%")),"", (B222*PAINEL_PESOS!$B$7+C222*PAINEL_PESOS!$B$8+D222*PAINEL_PESOS!$B$9+E222*PAINEL_PESOS!$B$10)*F222) | I222: =IF(H222="","",H222-G222) | J222: =IF(I222="","",ABS(I222)) | K222: 1 | L222: 0 | M222: 0.19625708 | N222: 0.95321845 | O222: 0.97883597 | P222: 0.97946801 | Q222: 0.99974817 | R222: 0.92920286 | S222: 0.53116988 | T222: 0.57534463 | U222: 0.88101439
A223: 1349379 | B223: =SUMPRODUCT(K223:N223,PAINEL_PESOS!$C$16:$C$19) | C223: =SUMPRODUCT(O223:Q223,PAINEL_PESOS!$C$21:$C$23) | D223: =SUMPRODUCT(R223:S223,PAINEL_PESOS!$C$25:$C$26) | E223: =SUMPRODUCT(T223:U223,PAINEL_PESOS!$C$28:$C$29) | F223: 0.97975517 | G223: 0.72709519 | H223: =IF(NOT(AND(PAINEL_PESOS!$D$12="OK - 100%",PAINEL_PESOS!$F$20="OK - 100%",PAINEL_PESOS!$F$24="OK - 100%",PAINEL_PESOS!$F$27="OK - 100%",PAINEL_PESOS!$F$30="OK - 100%")),"", (B223*PAINEL_PESOS!$B$7+C223*PAINEL_PESOS!$B$8+D223*PAINEL_PESOS!$B$9+E223*PAINEL_PESOS!$B$10)*F223) | I223: =IF(H223="","",H223-G223) | J223: =IF(I223="","",ABS(I223)) | K223: 0.99742102 | L223: 0 | M223: 0.1988481 | N223: 0.94895412 | O223: 0.97842377 | P223: 0.97756284 | Q223: 0.99972365 | R223: 0.92840929 | S223: 0.53161804 | T223: 0.54861215 | U223: 0.88522956
A224: 1350107 | B224: =SUMPRODUCT(K224:N224,PAINEL_PESOS!$C$16:$C$19) | C224: =SUMPRODUCT(O224:Q224,PAINEL_PESOS!$C$21:$C$23) | D224: =SUMPRODUCT(R224:S224,PAINEL_PESOS!$C$25:$C$26) | E224: =SUMPRODUCT(T224:U224,PAINEL_PESOS!$C$28:$C$29) | F224: 0.99863523 | G224: 0.65364981 | H224: =IF(NOT(AND(PAINEL_PESOS!$D$12="OK - 100%",PAINEL_PESOS!$F$20="OK - 100%",PAINEL_PESOS!$F$24="OK - 100%",PAINEL_PESOS!$F$27="OK - 100%",PAINEL_PESOS!$F$30="OK - 100%")),"", (B224*PAINEL_PESOS!$B$7+C224*PAINEL_PESOS!$B$8+D224*PAINEL_PESOS!$B$9+E224*PAINEL_PESOS!$B$10)*F224) | I224: =IF(H224="","",H224-G224) | J224: =IF(I224="","",ABS(I224)) | K224: 0.99411073 | L224: 0 | M224: 0.74562587 | N224: 0.99921485 | O224: 0.17633887 | P224: 0.99985219 | Q224: 0.99519715 | R224: 0.30260469 | S224: 0.9348996 | T224: 0.35567884 | U224: 0.82609391
A225: 1348912 | B225: =SUMPRODUCT(K225:N225,PAINEL_PESOS!$C$16:$C$19) | C225: =SUMPRODUCT(O225:Q225,PAINEL_PESOS!$C$21:$C$23) | D225: =SUMPRODUCT(R225:S225,PAINEL_PESOS!$C$25:$C$26) | E225: =SUMPRODUCT(T225:U225,PAINEL_PESOS!$C$28:$C$29) | F225: 0.99810296 | G225: 0.64670359 | H225: =IF(NOT(AND(PAINEL_PESOS!$D$12="OK - 100%",PAINEL_PESOS!$F$20="OK - 100%",PAINEL_PESOS!$F$24="OK - 100%",PAINEL_PESOS!$F$27="OK - 100%",PAINEL_PESOS!$F$30="OK - 100%")),"", (B225*PAINEL_PESOS!$B$7+C225*PAINEL_PESOS!$B$8+D225*PAINEL_PESOS!$B$9+E225*PAINEL_PESOS!$B$10)*F225) | I225: =IF(H225="","",H225-G225) | J225: =IF(I225="","",ABS(I225)) | K225: 0.2 | L225: 0.91798616 | M225: 0.46861912 | N225: 0.98670143 | O225: 0.4540179 | P225: 0.99980816 | Q225: 0.99827641 | R225: 0.55627067 | S225: 0.4891487 | T225: 0.37235393 | U225: 0.84430031
A226: 1350108 | B226: =SUMPRODUCT(K226:N226,PAINEL_PESOS!$C$16:$C$19) | C226: =SUMPRODUCT(O226:Q226,PAINEL_PESOS!$C$21:$C$23) | D226: =SUMPRODUCT(R226:S226,PAINEL_PESOS!$C$25:$C$26) | E226: =SUMPRODUCT(T226:U226,PAINEL_PESOS!$C$28:$C$29) | F226: 0.991499 | G226: 0.71000952 | H226: =IF(NOT(AND(PAINEL_PESOS!$D$12="OK - 100%",PAINEL_PESOS!$F$20="OK - 100%",PAINEL_PESOS!$F$24="OK - 100%",PAINEL_PESOS!$F$27="OK - 100%",PAINEL_PESOS!$F$30="OK - 100%")),"", (B226*PAINEL_PESOS!$B$7+C226*PAINEL_PESOS!$B$8+D226*PAINEL_PESOS!$B$9+E226*PAINEL_PESOS!$B$10)*F226) | I226: =IF(H226="","",H226-G226) | J226: =IF(I226="","",ABS(I226)) | K226: 0.999938 | L226: 0 | M226: 0.6670213 | N226: 0.99808329 | O226: 0.4103767 | P226: 0.99771106 | Q226: 0.98013803 | R226: 0.69364222 | S226: 0.93211736 | T226: 0.38108503 | U226: 0.79726002
A227: 1350109 | B227: =SUMPRODUCT(K227:N227,PAINEL_PESOS!$C$16:$C$19) | C227: =SUMPRODUCT(O227:Q227,PAINEL_PESOS!$C$21:$C$23) | D227: =SUMPRODUCT(R227:S227,PAINEL_PESOS!$C$25:$C$26) | E227: =SUMPRODUCT(T227:U227,PAINEL_PESOS!$C$28:$C$29) | F227: 0.99471989 | G227: 0.67940602 | H227: =IF(NOT(AND(PAINEL_PESOS!$D$12="OK - 100%",PAINEL_PESOS!$F$20="OK - 100%",PAINEL_PESOS!$F$24="OK - 100%",PAINEL_PESOS!$F$27="OK - 100%",PAINEL_PESOS!$F$30="OK - 100%")),"", (B227*PAINEL_PESOS!$B$7+C227*PAINEL_PESOS!$B$8+D227*PAINEL_PESOS!$B$9+E227*PAINEL_PESOS!$B$10)*F227) | I227: =IF(H227="","",H227-G227) | J227: =IF(I227="","",ABS(I227)) | K227: 0.99998637 | L227: 0 | M227: 0.70014238 | N227: 0.9963797 | O227: 0.37875273 | P227: 0.99443865 | Q227: 0.9853763 | R227: 0.45025486 | S227: 0.97241016 | T227: 0.33031195 | U227: 0.79048955
A228: 1350110 | B228: =SUMPRODUCT(K228:N228,PAINEL_PESOS!$C$16:$C$19) | C228: =SUMPRODUCT(O228:Q228,PAINEL_PESOS!$C$21:$C$23) | D228: =SUMPRODUCT(R228:S228,PAINEL_PESOS!$C$25:$C$26) | E228: =SUMPRODUCT(T228:U228,PAINEL_PESOS!$C$28:$C$29) | F228: 0.98990413 | G228: 0.68766203 | H228: =IF(NOT(AND(PAINEL_PESOS!$D$12="OK - 100%",PAINEL_PESOS!$F$20="OK - 100%",PAINEL_PESOS!$F$24="OK - 100%",PAINEL_PESOS!$F$27="OK - 100%",PAINEL_PESOS!$F$30="OK - 100%")),"", (B228*PAINEL_PESOS!$B$7+C228*PAINEL_PESOS!$B$8+D228*PAINEL_PESOS!$B$9+E228*PAINEL_PESOS!$B$10)*F228) | I228: =IF(H228="","",H228-G228) | J228: =IF(I228="","",ABS(I228)) | K228: 0.95179975 | L228: 0 | M228: 0.67592078 | N228: 0.99785667 | O228: 0.4077328 | P228: 0.99889247 | Q228: 0.9617311 | R228: 0.5007772 | S228: 0.98452169 | T228: 0.36545565 | U228: 0.81495562
A229: 1350111 | B229: =SUMPRODUCT(K229:N229,PAINEL_PESOS!$C$16:$C$19) | C229: =SUMPRODUCT(O229:Q229,PAINEL_PESOS!$C$21:$C$23) | D229: =SUMPRODUCT(R229:S229,PAINEL_PESOS!$C$25:$C$26) | E229: =SUMPRODUCT(T229:U229,PAINEL_PESOS!$C$28:$C$29) | F229: 0.98065111 | G229: 0.66011025 | H229: =IF(NOT(AND(PAINEL_PESOS!$D$12="OK - 100%",PAINEL_PESOS!$F$20="OK - 100%",PAINEL_PESOS!$F$24="OK - 100%",PAINEL_PESOS!$F$27="OK - 100%",PAINEL_PESOS!$F$30="OK - 100%")),"", (B229*PAINEL_PESOS!$B$7+C229*PAINEL_PESOS!$B$8+D229*PAINEL_PESOS!$B$9+E229*PAINEL_PESOS!$B$10)*F229) | I229: =IF(H229="","",H229-G229) | J229: =IF(I229="","",ABS(I229)) | K229: 0.96946037 | L229: 0 | M229: 0.70850079 | N229: 0.99637081 | O229: 0.36338185 | P229: 0.95957669 | Q229: 0.91505262 | R229: 0.34456056 | S229: 0.99525357 | T229: 0.34870613 | U229: 0.86738356
A230: 1350112 | B230: =SUMPRODUCT(K230:N230,PAINEL_PESOS!$C$16:$C$19) | C230: =SUMPRODUCT(O230:Q230,PAINEL_PESOS!$C$21:$C$23) | D230: =SUMPRODUCT(R230:S230,PAINEL_PESOS!$C$25:$C$26) | E230: =SUMPRODUCT(T230:U230,PAINEL_PESOS!$C$28:$C$29) | F230: 0.99050583 | G230: 0.71585022 | H230: =IF(NOT(AND(PAINEL_PESOS!$D$12="OK - 100%",PAINEL_PESOS!$F$20="OK - 100%",PAINEL_PESOS!$F$24="OK - 100%",PAINEL_PESOS!$F$27="OK - 100%",PAINEL_PESOS!$F$30="OK - 100%")),"", (B230*PAINEL_PESOS!$B$7+C230*PAINEL_PESOS!$B$8+D230*PAINEL_PESOS!$B$9+E230*PAINEL_PESOS!$B$10)*F230) | I230: =IF(H230="","",H230-G230) | J230: =IF(I230="","",ABS(I230)) | K230: 1 | L230: 0 | M230: 0.65122699 | N230: 0.99898135 | O230: 0.35371748 | P230: 0.99917114 | Q230: 0.96195563 | R230: 0.66606431 | S230: 0.98762178 | T230: 0.40440387 | U230: 0.85527049
...

Sheet REGISTRO_ESPECIALISTAS
A1: REGISTRO FINAL DOS PESOS DOS ESPECIALISTAS
A4: Especialista / código | B4: Área de atuação | C4: Humana | D4: Econômica | E4: Ecossistêmica | F4: Resiliência | G4: Soma | H4: Justificativa técnica
G5: =SUM(C5:F5)
G6: =SUM(C6:F6)
G7: =SUM(C7:F7)
G8: =SUM(C8:F8)
G9: =SUM(C9:F9)
G10: =SUM(C10:F10)
G11: =SUM(C11:F11)
G12: =SUM(C12:F12)
G13: =SUM(C13:F13)
G14: =SUM(C14:F14)
G15: =SUM(C15:F15)
G16: =SUM(C16:F16)
... G34: =SUM(C34:F34)

Sheet ORIENTACOES
A1: ORIENTAÇÕES DA DINÂMICA
A4: Objetivo
A5: Explorar como diferentes julgamentos técnicos sobre a importância relativa das quatro dimensões alteram o ISH 2025 Beta. A atividade não altera o resultado oficial; ela produz cenários de especialistas para discussão e posterior consolidação.
A9: O que pode ser alterado
A10: Somente os quatro pesos amarelos da aba PAINEL_PESOS. A soma deve ser exatamente 100%. O fator Q95 e os valores das quatro dimensões permanecem fixos.
A14: Etapas sugeridas
A15: 1. Observe o cenário de referência (25% em cada dimensão). 2. Teste diferentes combinações. 3. Compare o novo ISH com o Beta nas abas de municípios e Ottos. 4. Discuta as razões técnicas para aumentar ou reduzir cada dimensão. 5. Registre a escolha final na aba REGISTRO_ESPECIALISTAS.
A21: Importante
A22: Os pesos expressam importância relativa entre dimensões. Eles não representam qualidade dos dados, confiança nos indicadores ou probabilidade. A dinâmica deve ser interpretada como julgamento técnico estruturado. A análise de sensibilidade dos pesos é uma etapa distinta e já avalia a robustez matemática do índice.
